sttl,ct_dst_src_ltm,tcprtt,sbytes,dbytes,ct_srv_dst,smean,ct_srv_src,dur,rate,label
132,19,0.18,869,1995,18,7.1,16,1.94,0.78,0
209,16,0.49,2062,894,43,5.1,41,0.97,2.73,0
122,40,0.32,1442,498,10,12.8,13,1.86,2.52,1
44,28,0.27,750,585,24,13.2,23,0.35,2.26,1
136,33,0.42,530,560,4,5.6,12,1.99,1.42,0
101,59,0.15,267,1531,37,11.1,27,1.38,3.19,0
218,59,0.22,2313,1620,4,8.8,22,0.8,3.4,0
50,48,0.14,409,1609,13,12.9,32,1.67,0.69,0
132,41,0.4,1248,589,25,13.7,57,1.64,0.86,1
151,13,0.29,1653,1557,13,13.5,49,0.6,1.89,1
240,43,0.33,2502,65,18,12.8,27,0.17,0.41,1
244,45,0.13,2204,1644,24,7.7,2,1.14,1.58,0
104,25,0.12,515,292,2,13.1,45,1.47,2.08,0
232,53,0.25,1807,1280,48,10.3,33,2.2,1.88,1
117,42,0.37,2720,961,33,5.5,26,2.33,1.23,0
146,36,0.27,1611,1344,19,9.6,28,1.37,1.94,1
129,27,0.03,2174,810,9,14.4,19,1.91,3.36,0
133,38,0.44,2626,1852,28,13.9,43,1.15,0.8,0
181,7,0.04,940,754,35,6.0,5,1.89,2.33,0
160,5,0.48,896,1920,39,12.4,33,0.59,0.25,0
179,43,0.02,2564,1803,10,13.1,20,0.99,0.33,0
82,45,0.35,462,164,1,7.7,30,1.62,1.98,0
31,58,0.05,687,1653,42,9.7,45,0.14,0.46,0
117,57,0.46,1070,1372,21,12.1,8,1.83,0.18,0
187,51,0.24,1227,1910,9,9.4,38,2.11,0.68,0
67,31,0.08,1640,1556,47,6.1,17,1.06,2.02,0
159,23,0.18,2979,446,15,12.1,44,1.18,2.49,1
221,42,0.09,2531,443,35,14.1,1,2.14,0.79,0
217,10,0.09,947,1148,5,11.5,3,1.96,2.37,0
50,32,0.47,497,1027,41,12.7,46,0.79,0.72,1
190,43,0.23,422,1555,22,8.6,26,0.88,2.19,1
233,53,0.4,869,1176,41,6.8,31,1.73,1.5,0
87,30,0.32,1923,346,23,11.4,8,1.45,2.32,1
51,39,0.34,2697,1051,7,8.3,43,0.49,3.48,0
118,31,0.07,834,227,23,13.6,59,0.84,3.29,0
78,18,0.12,2276,1288,44,6.2,46,2.26,0.11,0
248,36,0.4,771,1016,25,9.3,8,1.75,3.11,0
88,2,0.49,2189,364,27,9.0,35,2.47,0.33,1
199,14,0.14,1096,1112,41,14.4,39,1.94,3.34,1
249,13,0.14,2555,308,6,6.5,28,2.36,1.06,1
217,29,0.24,2815,1789,34,5.1,51,0.62,1.4,1
237,12,0.49,656,56,9,7.4,4,1.95,0.41,0
44,39,0.14,1732,98,49,13.2,57,0.15,0.48,0
219,2,0.21,2773,1611,33,7.1,16,1.71,2.57,1
219,32,0.45,393,210,6,7.4,13,1.23,3.31,1
204,13,0.01,655,1942,37,6.3,20,0.93,2.18,1
219,46,0.03,571,225,31,12.2,51,2.17,2.53,1
80,27,0.31,2414,1664,34,5.7,5,2.15,2.69,0
137,49,0.45,2022,1075,41,8.3,55,0.15,0.99,1
84,41,0.13,1342,1050,29,7.8,37,1.56,0.25,1
93,17,0.24,479,1968,14,10.6,20,0.98,0.11,1
160,40,0.23,799,504,36,12.3,24,1.1,1.29,0
80,31,0.24,1614,1717,36,10.3,36,2.1,0.92,0
164,34,0.32,540,325,15,14.3,34,0.84,0.31,0
50,24,0.24,1669,547,8,14.5,58,2.36,0.71,0
102,45,0.23,530,1702,26,8.6,45,0.53,0.52,0
196,35,0.24,891,725,36,12.8,48,1.69,3.21,0
47,48,0.3,2160,1873,48,12.4,54,1.71,0.58,0
161,6,0.27,969,1101,21,13.9,34,0.71,1.93,0
118,19,0.43,822,1406,28,9.5,19,0.88,2.12,0
89,30,0.03,2710,1074,4,10.3,17,2.1,1.95,0
43,7,0.42,1921,1261,16,9.2,5,1.93,0.44,0
38,10,0.42,1361,105,22,13.5,25,0.89,1.18,0
119,41,0.15,1079,596,12,7.3,18,1.38,0.27,0
82,32,0.24,1689,1185,16,7.4,55,0.25,1.45,0
159,34,0.22,1062,1871,40,8.7,53,0.6,0.74,0
113,28,0.12,793,1383,38,7.3,50,1.27,2.01,0
121,15,0.2,576,85,42,10.6,8,0.31,2.46,1
140,30,0.03,651,488,37,6.3,27,2.12,1.91,0
217,37,0.15,879,1802,29,8.2,15,1.82,1.58,0
228,29,0.41,1433,1665,18,14.1,45,2.36,1.42,1
201,22,0.15,2268,1899,10,9.1,13,1.76,2.96,0
37,4,0.41,2675,644,42,12.5,16,2.36,0.85,1
204,20,0.27,606,1650,39,6.1,22,1.43,2.6,1
64,32,0.44,2386,1398,18,7.5,20,1.54,2.68,0
235,36,0.29,440,1713,1,13.1,13,2.44,1.53,0
110,50,0.02,1069,356,39,12.6,20,1.64,1.11,0
193,4,0.34,2489,1607,21,8.9,2,0.17,1.7,0
79,27,0.03,2119,1801,1,14.5,35,1.84,0.42,0
133,17,0.23,905,668,15,14.1,47,2.27,0.26,0
161,12,0.47,1808,1182,4,14.6,55,2.01,0.48,1
31,22,0.09,1984,1445,20,9.3,19,1.5,0.74,0
163,17,0.2,1456,406,10,7.0,45,1.71,1.81,0
83,10,0.37,1717,230,23,11.3,37,2.48,2.99,0
135,54,0.44,2019,1429,41,11.8,58,0.32,0.9,0
33,1,0.34,526,1749,34,6.3,54,1.7,3.28,0
83,22,0.14,1329,117,46,12.9,6,0.78,3.35,0
250,26,0.34,657,341,48,5.2,14,1.64,3.36,0
220,56,0.16,1586,741,33,9.8,4,1.56,2.95,1
175,59,0.36,2725,230,34,8.3,22,0.47,1.34,0
247,18,0.48,708,1539,39,12.4,51,0.6,0.35,0
73,50,0.36,2457,483,10,8.1,55,1.59,2.03,0
191,14,0.43,570,1537,20,13.3,39,0.41,2.0,0
231,47,0.01,1702,1754,1,10.9,36,0.74,2.99,0
219,29,0.36,453,963,13,12.9,34,2.1,3.49,1
43,12,0.42,1091,1607,1,14.9,27,0.89,1.83,1
124,36,0.03,2739,115,5,11.8,7,1.27,1.27,0
77,59,0.44,1451,1094,16,14.8,3,2.36,0.73,0
44,35,0.14,1239,1685,15,5.3,47,0.65,0.12,0
229,52,0.34,2305,433,49,8.4,33,1.04,1.83,0
235,12,0.4,2465,1885,28,6.1,2,1.56,1.99,0
244,7,0.33,2419,1688,31,7.6,42,1.91,2.9,0
219,29,0.06,1977,1632,23,13.4,16,2.26,1.82,0
69,11,0.3,1703,88,48,5.3,25,2.3,3.22,0
242,33,0.28,842,1358,45,10.2,15,1.96,2.24,1
237,6,0.45,404,871,43,10.7,24,0.65,2.96,1
111,47,0.21,1628,651,17,10.6,15,0.16,0.6,0
140,15,0.17,2450,1670,49,9.8,31,1.02,3.01,0
82,32,0.38,406,834,34,12.9,14,0.44,2.4,1
53,51,0.21,2580,1409,13,6.3,54,1.8,0.68,0
183,11,0.33,591,1261,14,8.1,14,1.69,0.75,1
246,58,0.33,2031,720,11,11.2,6,0.21,3.25,0
217,23,0.45,2796,1316,28,11.9,14,2.11,0.21,0
153,26,0.3,1263,1146,42,9.0,17,0.7,1.67,0
70,34,0.26,2587,528,32,13.8,18,1.14,1.17,1
186,46,0.08,731,610,35,9.2,20,1.7,2.36,0
44,34,0.07,1885,150,31,9.0,51,1.13,2.95,0
74,29,0.09,2795,563,17,5.4,17,1.16,1.33,0
94,4,0.09,168,1829,47,10.5,16,0.26,1.55,1
118,17,0.32,1274,225,9,12.1,40,1.06,3.44,1
100,35,0.37,2804,287,10,6.1,39,1.94,2.77,1
38,13,0.27,1530,959,8,8.1,52,2.3,3.15,1
117,41,0.42,1715,1132,21,12.8,32,1.09,1.59,0
158,39,0.5,2230,1938,13,8.7,44,1.12,0.9,0
165,15,0.41,2143,1172,5,7.4,9,1.79,1.5,0
245,55,0.35,1697,920,6,11.7,27,2.36,2.53,0
92,29,0.27,1011,544,30,7.0,46,0.74,0.47,1
168,29,0.23,304,996,31,14.0,52,1.16,1.02,1
110,11,0.05,1054,1587,17,6.1,33,2.01,0.26,0
165,52,0.21,1419,804,11,12.1,10,1.56,1.57,0
192,32,0.46,554,1370,20,10.0,17,0.37,2.91,1
192,2,0.41,993,260,48,13.7,49,1.61,0.18,0
62,47,0.12,1932,1196,9,6.3,49,0.55,2.4,0
152,14,0.24,1714,1302,2,11.8,36,1.32,3.27,0
34,20,0.41,1334,1667,37,10.7,17,1.37,0.91,0
70,22,0.04,896,1729,1,9.8,18,2.2,2.46,0
57,11,0.2,1875,1461,4,9.9,52,1.21,3.42,0
164,27,0.43,420,189,36,12.2,23,0.77,3.37,0
230,3,0.21,919,590,25,14.4,34,0.65,0.9,1
101,17,0.05,1865,1464,3,5.9,8,2.2,0.44,0
41,44,0.28,1660,319,9,5.2,13,0.51,0.6,0
191,56,0.43,321,1832,22,13.1,23,1.12,2.49,1
62,28,0.3,423,1085,23,6.1,57,0.55,2.57,0
77,29,0.12,2456,1940,12,14.9,54,1.96,2.39,0
180,21,0.2,1308,1462,10,11.2,20,1.24,1.24,1
91,47,0.23,1856,1410,34,11.5,22,0.94,0.68,0
245,16,0.29,1921,555,43,7.0,47,0.97,2.07,1
66,37,0.38,571,1179,10,7.4,52,2.15,1.74,0
128,59,0.06,1594,81,30,11.6,23,1.43,2.58,0
201,20,0.45,1359,1147,22,14.1,41,1.82,1.6,0
133,6,0.02,2561,1244,6,14.8,35,2.25,1.25,0
243,19,0.19,2575,1922,2,7.0,3,2.26,1.1,1
248,57,0.02,729,1142,30,6.3,34,0.89,0.82,0
64,5,0.2,1040,862,2,5.6,33,2.39,1.0,1
222,3,0.27,871,411,32,13.7,46,0.16,0.42,1
130,59,0.26,1030,1722,42,7.9,17,1.0,1.28,0
204,1,0.09,1271,1506,16,5.0,45,2.25,0.22,1
235,58,0.33,2802,978,12,7.2,19,0.76,0.73,0
160,38,0.03,2157,149,1,8.4,30,0.76,2.64,0
30,15,0.38,2219,1731,8,14.9,23,0.83,1.21,1
34,34,0.47,1623,58,48,10.2,15,1.57,2.37,0
247,35,0.18,532,1647,13,7.0,59,1.15,2.54,0
171,49,0.26,2331,746,15,8.3,57,1.84,2.08,0
132,25,0.2,1599,1102,44,8.3,14,2.25,3.36,0
56,24,0.01,2700,1966,8,5.2,2,1.72,0.17,0
166,12,0.2,1740,1187,10,6.4,39,0.59,2.61,0
236,18,0.4,1936,511,46,12.0,49,2.34,3.36,0
44,15,0.3,293,970,5,6.2,18,0.73,3.03,0
119,44,0.06,2036,1216,19,7.3,6,0.46,0.67,0
71,16,0.43,1852,439,47,8.5,59,0.32,1.21,0
153,27,0.27,1585,681,38,12.6,32,1.45,0.69,0
234,8,0.42,373,731,11,10.8,21,0.37,2.14,1
208,46,0.29,369,206,43,11.9,40,0.43,2.52,0
92,25,0.28,328,384,20,10.7,28,0.82,1.18,0
125,17,0.06,1804,1934,20,11.8,27,0.78,1.93,0
81,29,0.09,582,309,21,5.0,2,1.55,2.45,0
125,53,0.49,414,131,18,14.3,33,2.06,1.53,0
161,8,0.12,1103,803,10,6.1,16,1.93,3.0,1
251,15,0.49,578,1514,34,9.1,39,0.73,2.72,1
180,27,0.27,2613,1245,26,12.7,22,0.69,0.32,1
172,46,0.08,2924,1304,30,9.4,56,2.42,2.21,1
200,50,0.06,2394,769,9,14.5,43,0.12,0.9,0
58,52,0.11,1727,124,46,9.7,47,2.21,2.0,0
65,7,0.46,629,1343,31,13.7,13,0.58,3.35,1
42,3,0.21,1503,1972,42,13.1,56,2.37,3.09,0
189,29,0.2,1039,675,4,14.8,2,0.92,1.48,1
100,44,0.16,1074,111,6,14.3,14,1.16,1.09,1
216,53,0.08,2320,923,14,14.0,56,1.8,0.9,1
115,24,0.25,2052,369,4,12.3,38,1.51,1.91,0
57,58,0.07,1560,151,26,8.7,41,0.86,0.49,1
95,3,0.42,1512,1502,47,6.1,28,1.43,1.97,0
199,20,0.19,927,923,48,11.9,7,1.85,0.1,0
74,46,0.19,2545,1795,39,14.8,18,0.2,1.2,0
91,15,0.24,178,1003,17,12.3,56,0.13,0.85,1
214,25,0.23,184,304,19,14.3,41,1.2,3.4,1
163,30,0.5,1569,1605,49,13.0,55,0.42,2.57,0
57,14,0.28,2820,619,6,6.6,36,1.69,1.29,0
57,7,0.05,738,161,29,7.5,41,0.61,0.42,0
137,17,0.31,1053,1034,11,8.4,36,1.14,1.86,1
73,44,0.08,2717,1386,16,6.7,44,0.57,0.83,0
113,20,0.03,2319,1047,30,10.8,4,1.42,1.92,0
59,36,0.49,489,510,25,14.8,57,0.38,2.94,0
219,9,0.39,324,757,40,12.6,30,0.16,2.19,0
104,38,0.49,2073,936,11,9.2,24,0.22,2.25,0
157,48,0.24,1864,1535,7,5.0,20,2.39,1.94,0
121,57,0.27,746,1938,26,8.1,46,0.44,3.25,1
246,22,0.09,600,1165,22,10.3,56,1.8,3.27,1
219,54,0.13,706,1125,25,8.2,31,0.26,1.84,0
254,53,0.42,1309,1878,19,6.1,24,0.36,1.14,1
158,53,0.18,1506,569,31,9.4,7,1.32,1.66,0
150,2,0.42,2206,861,26,7.5,26,1.22,0.73,0
56,24,0.36,2531,1171,42,14.1,13,2.38,2.26,0
219,8,0.1,1166,285,41,6.0,54,2.37,1.8,0
150,11,0.26,2524,1974,36,5.5,8,1.97,0.45,1
145,13,0.34,2212,1447,23,5.1,55,1.55,0.77,0
234,17,0.13,988,1654,47,8.3,5,1.19,1.73,0
32,8,0.42,1787,976,13,11.6,44,0.95,3.12,1
132,21,0.28,375,606,25,12.3,13,2.37,2.03,0
227,18,0.09,1963,698,2,9.5,29,1.55,2.42,1
229,30,0.3,2310,283,2,11.8,20,1.49,1.25,1
184,18,0.5,2170,1105,16,8.6,14,0.66,2.04,0
166,46,0.08,1601,1362,9,11.7,32,0.21,1.62,1
91,47,0.41,2198,1711,28,5.4,50,2.37,2.34,0
194,31,0.11,2463,628,13,8.9,27,0.85,0.27,0
254,38,0.39,1664,591,35,12.9,56,1.16,1.78,0
80,32,0.37,1381,163,41,13.0,25,0.38,1.11,0
201,11,0.16,1795,253,13,12.2,52,2.11,1.21,1
181,45,0.17,1885,1102,31,7.0,4,0.17,3.37,0
236,25,0.4,455,692,21,7.5,21,2.1,0.72,0
88,33,0.24,2209,523,32,15.0,18,0.44,1.16,1
147,38,0.37,1873,746,34,6.0,39,2.23,1.83,0
189,41,0.08,1839,302,8,6.8,15,1.85,3.03,0
125,8,0.43,1667,1871,41,6.3,53,0.5,1.52,0
245,11,0.36,1541,954,48,8.3,38,1.46,2.63,1
209,22,0.45,569,1995,2,7.1,48,0.85,3.01,0
142,51,0.07,2368,435,38,10.0,52,0.53,1.15,0
91,24,0.3,283,111,32,9.8,24,2.16,1.44,0
215,41,0.3,2180,564,40,14.0,8,1.07,1.31,0
81,17,0.18,1600,479,28,5.3,28,1.06,2.93,1
41,12,0.23,1703,629,37,8.2,21,0.51,0.25,0
68,57,0.03,1314,1610,41,11.0,16,1.02,1.15,0
159,46,0.38,2019,1764,1,11.0,54,2.19,2.41,0
160,32,0.28,1969,1214,41,9.8,16,0.97,2.02,1
142,15,0.04,2855,792,10,13.2,35,2.38,1.58,1
130,16,0.34,1492,1373,4,5.6,17,2.37,1.94,0
142,54,0.24,1614,724,35,13.2,9,0.45,0.77,0
213,22,0.03,2376,360,10,9.9,57,0.53,1.56,0
110,28,0.49,1229,520,47,6.3,35,2.17,1.81,0
216,20,0.48,1328,1466,11,13.9,52,1.04,3.16,0
142,33,0.26,1845,1715,14,11.5,29,0.11,0.99,0
31,10,0.06,260,1518,38,6.6,39,0.76,3.05,0
159,40,0.38,2334,1831,12,5.3,18,1.53,2.29,1
249,32,0.25,2429,858,45,6.4,12,2.02,0.17,0
83,50,0.16,617,221,17,11.1,19,0.42,2.56,1
116,33,0.25,2929,625,16,6.8,48,0.37,0.22,0
253,2,0.27,2678,80,35,7.3,22,2.31,3.49,1
254,33,0.29,963,96,2,5.3,59,1.9,3.07,0
158,33,0.23,1422,179,11,12.2,56,1.52,1.11,0
176,41,0.31,1143,401,41,13.1,49,1.95,0.98,1
155,13,0.46,2181,1027,3,13.0,52,1.13,1.4,0
159,30,0.19,472,1918,29,6.3,15,1.92,1.31,0
82,33,0.37,1053,1695,18,14.0,1,0.99,1.37,0
201,13,0.45,1691,1654,20,11.7,2,0.69,1.18,1
247,52,0.23,2149,107,47,14.0,8,1.85,2.21,0
189,26,0.23,1965,1179,14,9.5,22,1.11,0.66,1
227,22,0.31,2803,861,34,9.4,25,2.46,2.98,0
189,39,0.3,2626,1403,49,12.8,2,0.94,2.86,0
97,2,0.41,297,817,31,5.9,51,2.31,1.72,0
212,38,0.24,1291,1897,40,10.2,9,2.34,3.0,0
232,39,0.5,999,732,42,13.4,9,0.68,0.94,0
213,26,0.04,516,1456,18,13.3,13,2.02,0.16,0
152,46,0.01,1239,1235,30,14.6,6,1.14,2.21,0
174,58,0.32,2188,1046,25,12.0,30,2.3,1.66,0
67,50,0.16,324,335,19,7.1,15,1.18,2.03,0
53,15,0.13,2004,1144,8,5.2,51,1.89,3.16,1
98,34,0.16,737,1840,28,9.8,53,1.22,3.4,1
145,42,0.14,644,1527,8,10.1,15,0.65,2.26,1
127,55,0.03,1287,935,31,7.4,50,0.58,2.7,0
227,44,0.49,1934,1640,3,6.2,7,1.12,0.38,1
243,49,0.12,1320,1908,3,10.9,58,1.91,0.65,0
168,40,0.37,184,446,44,12.6,11,1.55,2.59,0
173,11,0.38,1148,1588,22,14.9,40,1.75,1.57,1
126,3,0.47,1482,75,17,12.6,38,0.78,1.62,1
230,59,0.02,2735,362,36,12.9,40,1.26,1.15,0
153,6,0.44,2947,175,17,11.2,2,0.21,2.17,0
216,9,0.27,1187,1481,14,14.9,51,2.06,0.73,0
99,6,0.32,523,1638,9,11.4,48,2.48,2.23,0
237,9,0.33,2754,1271,30,13.6,39,1.08,0.69,1
122,39,0.41,1601,860,21,14.5,10,0.13,0.32,0
32,31,0.17,1901,237,12,14.3,44,0.51,1.22,1
177,32,0.37,2430,747,37,8.8,17,1.67,0.89,0
216,41,0.27,854,1890,32,5.8,7,1.57,3.12,1
193,50,0.4,712,859,11,6.7,54,1.99,0.29,1
176,12,0.5,2923,765,20,5.6,40,0.71,0.7,0
119,8,0.11,2023,1557,35,6.1,39,1.93,1.97,0
224,8,0.5,2273,499,47,6.8,4,1.75,1.74,1
176,50,0.05,588,572,46,8.4,35,0.87,0.26,0
177,28,0.01,2033,1944,11,10.4,51,1.41,0.12,0
125,20,0.03,2129,1427,8,12.1,47,0.45,3.46,0
228,47,0.18,848,1035,4,7.1,36,1.19,2.34,0
81,59,0.32,1462,707,27,11.7,31,2.21,1.34,1
190,7,0.04,1713,646,44,12.0,25,1.11,1.7,0
197,11,0.01,841,149,40,10.6,41,2.11,1.01,1
157,20,0.47,2450,665,38,14.0,13,1.52,1.27,0
68,16,0.41,1350,997,47,6.1,18,0.56,2.31,1
111,4,0.41,2607,1631,30,6.8,21,1.49,3.1,0
133,6,0.44,1784,605,44,9.3,48,1.31,0.73,0
158,58,0.35,1783,327,48,6.3,1,1.06,2.96,0
40,22,0.06,276,1766,48,10.7,36,0.39,0.51,1
249,26,0.21,1656,1772,27,9.0,50,1.1,0.83,0
214,3,0.36,1341,1699,21,7.8,8,0.27,0.23,1
246,41,0.15,2789,540,20,6.7,52,0.34,0.58,0
207,42,0.35,443,304,4,8.4,48,1.1,3.22,0
180,14,0.02,1516,430,11,11.1,21,0.83,1.66,1
188,11,0.16,1169,941,13,10.8,43,2.32,0.36,0
251,18,0.28,2507,591,9,6.6,52,1.0,3.36,0
71,54,0.32,2859,1337,4,6.2,53,1.92,3.09,0
128,12,0.29,2725,1683,12,5.3,53,1.37,2.67,0
36,23,0.35,2737,874,9,5.1,21,1.79,3.27,0
173,12,0.01,568,928,13,13.8,27,0.72,0.85,0
119,13,0.06,593,1402,48,5.5,19,2.36,2.94,0
141,25,0.44,834,1188,26,12.3,23,1.37,2.45,1
89,45,0.34,2433,1349,38,13.7,51,2.1,3.06,1
142,51,0.07,1612,1561,42,6.0,50,0.98,2.81,0
31,58,0.42,2411,330,13,9.4,51,0.34,1.28,0
158,19,0.13,234,1348,39,14.6,43,1.72,2.73,0
77,55,0.24,2991,822,28,13.3,35,0.12,0.99,1
169,46,0.08,1917,892,19,9.9,40,1.24,1.22,0
226,36,0.36,234,768,24,12.6,52,0.56,0.47,0
66,45,0.34,2094,1969,19,13.3,51,1.61,3.28,1
189,8,0.11,2262,377,49,8.5,42,2.45,1.09,0
38,29,0.43,1819,260,13,13.9,48,1.21,1.87,1
128,55,0.21,812,776,13,9.7,5,2.06,1.43,0
176,53,0.15,776,972,28,10.3,52,1.32,3.36,0
77,55,0.08,213,601,2,15.0,41,1.29,1.24,1
237,32,0.14,1068,75,10,13.4,8,2.33,2.75,0
160,51,0.02,1525,76,22,8.6,11,2.24,3.01,1
177,44,0.3,1331,751,13,5.1,16,1.99,1.58,0
181,18,0.42,1762,1156,9,11.3,39,0.81,1.39,1
83,6,0.28,640,1969,33,12.0,47,1.41,2.64,0
149,18,0.12,2028,731,14,11.5,24,0.64,3.2,0
190,19,0.03,2090,462,48,14.7,21,1.17,2.67,0
181,22,0.12,462,216,20,13.6,52,1.26,0.87,0
145,37,0.21,2812,1773,15,9.5,23,2.1,3.12,0
104,32,0.38,1068,218,32,5.6,49,2.25,1.42,0
142,56,0.1,2032,1874,33,9.8,38,1.1,2.06,0
229,41,0.36,962,278,17,11.9,47,0.14,2.93,0
193,59,0.43,1639,1682,24,11.1,8,2.17,0.74,0
195,3,0.23,1476,416,30,10.4,7,0.52,2.77,0
133,28,0.41,829,577,13,9.7,2,1.59,2.13,0
113,10,0.28,584,840,47,7.9,30,0.16,3.14,1
141,51,0.32,831,1720,48,7.8,13,1.06,0.68,0
246,35,0.27,1308,1611,16,10.0,23,2.47,1.53,0
128,29,0.24,1223,1937,2,6.6,29,0.34,2.93,0
182,54,0.12,1605,573,17,8.4,38,1.12,0.17,1
122,15,0.16,2537,1145,32,8.2,37,0.84,0.48,0
175,33,0.15,2544,1718,43,10.9,20,2.27,3.47,0
157,7,0.29,2843,155,8,5.7,33,2.19,1.05,0
139,12,0.07,1520,781,3,13.3,29,0.67,3.42,0
111,49,0.46,798,1958,12,10.6,50,0.29,0.72,1
223,30,0.36,394,1014,20,11.7,15,1.61,1.33,0
83,21,0.21,2306,1762,16,12.0,23,0.91,2.66,0
192,31,0.09,2730,1355,14,7.9,42,1.71,2.34,1
237,58,0.44,445,182,16,9.7,3,0.18,2.08,0
218,24,0.41,2309,583,49,14.6,37,0.42,1.9,1
198,20,0.36,1762,1024,43,12.7,56,1.75,2.97,0
190,37,0.14,2540,318,49,14.7,29,0.61,0.9,1
97,4,0.21,2298,1485,33,12.5,45,2.16,1.6,1
62,28,0.06,2826,722,30,6.8,8,0.24,0.63,0
171,44,0.1,1777,1692,12,5.6,22,0.62,2.13,1
50,20,0.39,177,840,15,10.8,53,2.5,0.95,0
77,24,0.36,2135,1938,18,8.6,29,1.14,1.24,0
177,50,0.3,1710,1820,28,7.8,2,1.79,1.7,0
157,49,0.45,207,67,23,13.1,41,0.54,0.19,0
165,51,0.3,1671,1827,14,8.7,49,1.56,0.41,1
164,32,0.24,446,166,30,8.2,59,1.84,2.43,0
224,41,0.18,2331,847,33,13.5,50,0.85,1.56,1
174,36,0.47,2446,1867,45,13.5,45,2.09,3.04,0
157,58,0.05,2747,1217,15,8.6,1,1.55,2.46,0
62,53,0.47,1051,1790,7,13.3,44,1.03,0.13,0
205,34,0.42,2114,600,15,13.5,20,1.44,2.2,0
233,36,0.07,1248,978,42,9.2,52,1.48,0.42,1
216,2,0.29,1827,1739,46,5.7,21,0.5,2.76,1
144,15,0.43,1341,1761,38,5.0,37,1.07,3.47,1
243,34,0.29,920,802,46,10.2,8,0.92,1.91,1
148,36,0.45,1676,471,44,8.4,27,1.06,2.42,0
51,6,0.47,1528,1971,11,15.0,47,1.93,0.91,0
187,39,0.22,1398,1442,29,12.7,59,1.26,1.59,0
67,42,0.19,1704,695,31,12.6,35,2.36,3.01,0
138,51,0.47,295,607,25,14.6,6,0.8,0.67,0
80,51,0.34,2133,99,24,13.9,45,1.1,1.0,0
211,58,0.07,1414,727,19,8.2,44,1.99,1.61,0
37,54,0.03,2057,155,2,6.7,19,1.41,2.52,0
56,12,0.29,2541,1289,22,12.5,18,1.41,1.38,1
56,3,0.47,1922,707,20,8.8,56,0.23,3.25,0
50,45,0.42,1208,1996,33,9.7,1,1.06,0.42,0
59,18,0.34,2899,1498,8,11.3,25,0.75,1.36,0
126,40,0.08,2198,1145,25,14.1,27,2.5,2.51,1
57,21,0.13,2169,1037,46,9.2,7,0.84,0.87,1
140,15,0.44,302,891,9,12.8,44,2.22,2.33,0
221,33,0.1,2626,1858,34,7.7,42,1.72,0.66,0
254,35,0.15,657,1832,23,12.0,29,0.92,0.29,1
226,26,0.07,640,495,5,5.0,31,1.4,0.51,0
90,8,0.34,494,1998,25,13.7,44,2.12,3.26,1
77,36,0.47,2085,1259,8,5.3,43,2.22,1.98,1
176,48,0.14,1911,119,16,12.1,36,0.48,2.81,0
33,30,0.24,370,199,48,5.5,19,0.91,1.23,0
64,23,0.32,2088,1319,45,7.7,6,0.9,2.12,0
221,42,0.5,2092,823,15,10.0,25,0.2,1.78,0
78,44,0.06,872,1611,1,9.2,31,1.54,3.32,1
46,14,0.25,677,1725,22,6.9,9,2.15,2.64,1
201,14,0.2,1672,1172,3,8.3,20,1.02,2.58,1
249,2,0.43,1814,1983,38,12.3,10,1.88,0.26,0
187,55,0.24,630,1351,14,11.7,37,1.61,1.97,0
250,37,0.06,2021,1636,36,5.7,27,1.0,1.69,0
75,5,0.32,1612,1736,18,12.5,13,0.44,3.25,0
146,38,0.39,1575,993,47,5.5,41,1.8,0.97,0
35,45,0.01,494,504,41,10.4,2,2.15,1.02,0
128,41,0.43,194,1177,18,7.6,50,1.75,1.5,0
153,54,0.1,2218,995,3,10.9,21,0.14,0.93,1
66,47,0.28,1807,650,10,7.6,33,0.62,0.54,0
53,14,0.21,2037,702,49,14.8,24,0.27,3.02,1
122,56,0.36,2245,774,39,8.1,53,1.47,2.0,0
75,39,0.19,1664,282,47,7.4,44,1.92,3.03,0
210,25,0.44,2748,1467,1,7.8,42,0.37,2.93,1
124,20,0.37,2484,1574,27,14.0,34,2.11,1.06,1
128,2,0.33,1151,1768,27,11.4,9,1.43,1.96,0
217,39,0.4,1183,300,11,12.3,2,1.76,0.38,0
254,6,0.38,2739,1594,49,14.2,55,2.43,3.21,0
145,17,0.03,2190,128,5,14.1,56,0.3,1.47,0
220,59,0.2,2953,1125,7,12.4,30,2.26,1.44,1
242,25,0.47,423,947,19,7.0,22,0.4,1.13,0
189,57,0.07,1105,970,29,13.4,46,1.04,1.67,0
244,28,0.37,2797,830,15,7.0,11,2.14,0.96,1
190,2,0.49,1929,275,35,12.4,55,2.28,1.37,0
96,35,0.04,530,1124,47,11.9,43,1.32,2.82,0
157,37,0.34,1502,1259,37,12.6,17,1.53,2.94,0
47,5,0.24,628,1107,12,10.3,36,1.8,1.13,0
54,1,0.29,2212,852,30,11.4,13,2.1,1.69,0
252,40,0.05,665,791,20,14.5,7,0.39,3.07,0
83,12,0.03,340,180,37,6.0,16,2.04,0.28,0
87,56,0.34,1341,1072,3,8.1,33,1.26,3.12,1
96,36,0.41,2818,681,9,11.1,45,1.18,0.85,1
133,45,0.39,1310,1516,41,14.6,1,1.12,2.41,0
203,23,0.28,2351,887,39,6.0,11,1.32,2.08,0
53,47,0.06,1561,808,26,5.2,6,2.37,1.98,0
143,31,0.35,421,1505,2,5.6,20,1.42,3.02,0
61,11,0.13,292,753,23,5.5,35,2.39,0.45,1
204,10,0.46,2062,546,23,14.1,44,0.53,1.28,0
115,3,0.42,1242,1476,21,12.2,37,1.84,1.93,0
180,54,0.36,2444,372,16,11.8,41,2.05,2.86,0
223,14,0.47,937,1283,9,10.2,26,1.73,0.84,0
156,16,0.03,2276,664,13,12.8,58,1.56,2.83,0
184,10,0.37,1831,378,28,6.6,12,1.46,1.46,1
159,29,0.17,772,1445,27,8.9,30,2.17,0.74,1
247,10,0.45,2722,1533,17,9.9,28,2.07,2.68,1
46,12,0.14,2969,182,38,6.1,27,0.39,0.41,1
133,30,0.37,1087,884,36,9.2,42,2.14,1.85,1
190,41,0.44,1268,700,1,8.2,19,1.09,0.32,0
166,1,0.03,766,170,18,5.4,5,0.71,1.31,0
72,5,0.2,1181,655,9,6.4,58,2.19,2.14,1
205,20,0.38,216,1525,13,12.6,5,1.14,1.99,0
68,8,0.23,340,1014,40,5.2,41,2.04,1.48,0
250,43,0.14,2965,178,45,14.3,27,0.73,1.56,0
199,12,0.12,670,1164,15,5.9,28,0.11,0.87,0
55,1,0.07,1139,1677,43,13.0,26,1.29,1.65,0
128,57,0.43,1290,1648,44,14.0,27,0.34,3.34,0
79,54,0.29,2464,78,46,14.4,52,1.91,2.99,0
182,20,0.05,1784,771,4,13.7,49,0.76,0.59,1
181,28,0.2,2682,1597,33,7.9,42,1.16,0.2,0
42,57,0.19,1337,382,24,8.3,21,0.31,3.27,1
89,43,0.1,525,1370,36,9.3,1,0.79,1.89,0
164,37,0.22,802,1203,41,6.4,54,1.98,1.93,0
86,47,0.17,698,1366,10,5.2,28,0.46,2.75,0
65,37,0.18,1247,1246,36,13.7,48,1.65,1.17,0
202,12,0.37,222,1793,20,10.5,58,2.3,1.74,0
49,37,0.12,2505,993,41,11.1,58,1.73,3.39,1
94,49,0.32,348,1097,45,14.3,15,2.05,2.39,1
37,49,0.29,1931,1172,44,11.7,55,0.36,0.62,1
173,56,0.29,721,1479,11,11.9,17,0.7,0.55,0
171,44,0.33,940,405,12,12.9,26,2.25,0.79,0
233,56,0.28,1788,188,18,6.2,20,1.82,2.71,0
144,28,0.44,1981,1576,30,8.6,25,1.63,1.1,0
244,47,0.34,2005,1899,44,14.7,13,1.69,0.17,0
172,15,0.28,1660,1247,48,14.2,33,1.09,3.31,0
121,6,0.42,1324,78,37,13.8,25,0.21,0.68,0
127,44,0.31,328,980,20,9.5,8,1.98,0.13,0
95,59,0.15,2394,545,25,13.6,5,1.73,0.91,0
61,20,0.11,884,1063,12,5.5,6,1.23,0.9,0
244,50,0.08,2286,704,21,6.5,23,2.26,1.53,0
220,14,0.45,948,877,25,9.1,52,0.91,3.23,1
115,2,0.36,937,400,11,9.8,30,0.81,3.09,0
80,9,0.47,2945,603,9,7.6,14,2.19,1.65,0
182,37,0.31,358,348,25,8.6,54,2.01,1.5,0
215,20,0.24,642,1793,35,6.6,23,1.34,1.99,0
92,26,0.04,2862,1915,32,9.9,11,0.41,0.93,1
219,29,0.34,1807,1265,49,12.9,31,0.62,0.28,1
154,1,0.3,881,1745,14,11.6,6,1.67,3.29,0
179,55,0.5,1279,113,1,6.1,11,1.02,0.73,0
87,35,0.13,1755,804,17,9.9,13,2.11,0.77,1
87,6,0.27,2895,819,25,12.0,12,2.38,1.71,0
115,37,0.33,743,1737,8,10.3,54,2.03,1.77,1
78,53,0.33,1365,1288,5,8.9,2,1.01,0.16,0
209,59,0.29,474,883,5,11.2,53,1.99,0.6,0
199,5,0.39,1128,215,41,14.7,35,0.94,1.39,1
99,33,0.11,1899,1616,35,5.9,55,0.5,2.42,0
44,49,0.37,2000,1956,19,8.9,36,0.18,0.88,0
83,51,0.31,1640,1305,23,9.1,17,1.03,1.54,0
217,14,0.45,1043,1867,9,10.8,28,2.27,1.99,0
130,12,0.43,1540,1614,30,6.5,28,0.67,3.12,1
254,42,0.16,293,1268,16,6.8,22,0.6,1.21,0
37,20,0.15,533,555,33,7.9,38,2.43,0.55,0
82,53,0.49,2413,1407,2,14.6,7,0.16,1.76,1
89,50,0.27,2521,1841,14,12.3,15,1.99,2.64,0
137,24,0.45,366,842,46,11.6,32,0.87,0.47,0
34,59,0.09,1665,1377,1,13.2,11,0.19,1.54,1
132,43,0.32,2380,882,26,6.3,24,2.3,0.16,1
225,34,0.41,2467,1510,25,13.6,3,0.44,0.21,0
35,25,0.47,1640,1396,16,10.9,30,1.42,1.74,0
138,50,0.18,1785,1575,15,8.4,6,0.76,1.11,1
253,29,0.37,2664,907,26,13.2,58,0.26,2.97,1
145,57,0.27,2502,1987,47,13.0,2,0.22,2.15,1
123,39,0.04,1317,1466,44,13.5,14,0.38,1.64,0
76,31,0.35,260,855,16,6.2,41,0.27,1.49,0
128,56,0.35,1163,1672,14,14.7,18,1.93,1.79,0
84,47,0.47,381,1222,29,14.6,51,1.27,0.24,1
197,43,0.25,1864,810,24,8.6,44,0.92,3.14,1
81,50,0.12,1905,882,47,5.7,31,1.1,3.49,0
173,23,0.03,2792,1478,15,6.7,13,2.33,0.72,0
42,44,0.21,1727,332,19,14.9,26,2.29,0.51,0
143,38,0.16,1446,1435,8,10.6,44,1.82,0.59,1
153,20,0.38,2370,428,34,8.6,12,2.22,2.35,0
135,23,0.18,1122,247,2,7.9,18,0.87,2.35,0
187,45,0.48,1180,1064,27,7.6,9,1.01,2.98,0
176,52,0.48,2743,1073,10,11.6,49,1.57,2.66,0
174,16,0.31,2745,605,35,9.2,21,1.6,1.63,0
149,50,0.47,667,405,23,14.7,48,1.26,2.18,1
92,42,0.38,1063,1613,49,11.8,49,1.06,2.44,1
48,55,0.28,2412,1502,8,12.9,53,2.47,1.84,0
121,8,0.1,2331,1090,28,7.9,56,2.07,1.72,0
87,50,0.23,2482,688,23,5.8,40,1.14,2.29,1
212,21,0.28,2094,428,4,9.9,43,1.85,2.0,0
119,1,0.43,1612,729,14,8.1,24,0.75,2.29,0
247,55,0.25,2022,555,42,7.0,34,0.34,2.18,1
146,8,0.45,2883,1829,29,14.5,8,0.95,2.55,1
91,29,0.34,2528,948,1,9.4,44,1.07,2.29,1
52,32,0.08,1457,125,4,6.7,53,0.14,1.87,0
156,38,0.5,1048,280,32,7.0,33,2.06,2.42,0
166,5,0.27,1248,1789,33,7.8,23,0.96,1.63,0
169,47,0.2,1339,1011,49,15.0,13,1.49,0.92,0
158,22,0.33,1362,1321,26,7.7,54,0.28,0.1,1
87,47,0.06,2275,351,17,8.3,53,0.52,2.0,0
151,34,0.32,837,775,39,11.6,49,2.24,2.11,1
30,1,0.25,2218,264,23,7.9,14,1.56,3.4,0
63,55,0.21,715,1231,32,7.2,14,2.38,1.33,0
125,55,0.48,1357,118,15,6.6,16,2.5,1.44,1
155,26,0.27,2044,442,13,8.1,49,0.99,0.79,0
147,43,0.12,976,1158,2,6.1,38,0.82,0.34,0
77,10,0.23,1501,316,19,5.2,58,2.16,2.73,0
118,30,0.46,2376,1142,24,13.0,39,2.5,0.95,0
146,50,0.1,1961,660,45,6.4,26,1.61,2.17,0
158,18,0.11,1232,1420,24,12.8,26,2.01,2.44,0
45,17,0.02,1500,1058,11,13.0,1,1.98,1.7,0
218,26,0.02,1794,1011,22,10.4,32,0.95,3.08,1
221,8,0.42,2866,777,15,8.1,57,1.48,1.61,0
220,47,0.37,340,722,10,6.5,15,2.1,1.07,0
98,40,0.18,1373,472,41,12.4,52,1.75,3.15,0
51,49,0.35,1485,1679,27,11.0,21,0.15,3.03,0
122,12,0.2,857,1247,9,11.6,18,0.91,0.66,0
224,27,0.48,528,1750,28,5.1,30,0.45,0.19,0
105,8,0.48,536,164,1,14.3,58,0.66,0.41,0
183,25,0.2,2434,269,17,5.7,13,2.27,1.07,1
173,46,0.43,765,80,31,8.7,24,0.19,3.41,1
208,4,0.39,1692,1596,44,9.0,30,0.63,2.0,1
115,33,0.16,2480,1416,10,5.0,2,0.84,1.37,0
214,1,0.12,2198,1450,37,10.0,19,1.58,3.12,0
58,19,0.23,1904,1203,29,12.5,47,1.38,1.64,1
235,31,0.39,613,666,18,13.2,44,0.62,1.17,0
249,16,0.48,1116,588,47,13.8,47,0.49,3.3,1
98,14,0.38,321,788,38,9.9,25,0.67,2.99,0
76,53,0.43,1296,1075,39,11.3,50,1.31,2.97,0
123,48,0.31,992,920,49,5.8,14,0.75,1.84,1
219,5,0.42,1471,150,6,9.9,6,2.37,2.78,1
226,41,0.39,2058,1606,40,6.5,12,1.21,0.71,1
233,26,0.19,839,1131,12,8.7,20,0.24,2.05,1
173,28,0.28,2772,1462,14,8.3,23,1.85,3.45,0
247,2,0.4,1657,741,44,9.2,30,0.89,1.09,0
247,50,0.03,2362,990,10,10.7,30,1.67,2.8,1
205,6,0.41,2174,390,20,14.0,38,0.77,1.77,0
114,9,0.1,1872,910,15,8.9,58,1.47,0.24,0
68,33,0.26,532,1093,31,14.8,30,1.95,2.69,0
129,41,0.41,2406,1328,7,12.6,41,2.33,0.67,0
62,25,0.13,1562,1390,41,10.1,30,0.73,2.25,0
251,48,0.13,1733,87,10,11.4,57,0.9,0.39,0
130,13,0.21,2421,709,10,6.0,58,1.21,3.32,1
52,9,0.45,2200,1610,48,13.4,36,2.33,1.09,1
39,53,0.01,521,1459,39,10.8,49,2.26,0.87,0
98,13,0.45,1860,1706,28,14.9,34,0.32,0.54,0
129,31,0.09,1619,977,30,11.4,16,0.42,3.32,0
63,41,0.5,760,1099,37,13.3,24,1.29,2.52,0
209,11,0.48,265,503,3,13.0,14,0.36,2.62,0
252,4,0.25,596,1754,43,8.5,26,0.93,1.8,0
167,34,0.26,1541,1396,15,7.6,8,0.46,1.71,0
176,38,0.25,1490,786,21,9.3,14,1.63,0.47,0
215,46,0.32,564,1586,37,9.7,31,2.38,2.0,0
125,4,0.05,1958,868,12,7.4,2,2.49,0.94,0
30,38,0.03,1197,822,4,13.9,48,1.0,3.42,0
98,19,0.04,2860,62,47,10.4,4,1.54,2.81,0
33,6,0.23,2023,964,9,14.8,1,2.16,1.5,0
45,34,0.15,1223,1981,39,13.1,55,0.38,0.61,1
53,18,0.31,867,1633,42,10.6,20,1.75,2.77,0
109,13,0.5,1508,970,28,14.5,59,1.08,0.51,1
31,41,0.2,1755,874,23,10.0,14,0.59,0.74,0
249,23,0.29,2468,420,45,13.9,40,1.07,0.82,1
157,19,0.21,711,1364,40,8.6,25,0.28,1.99,0
189,45,0.43,2444,381,44,8.8,25,1.77,2.78,1
248,11,0.45,536,1679,22,9.2,3,0.71,1.17,0
113,1,0.44,851,310,24,10.5,5,0.85,0.39,1
181,24,0.49,2756,1863,26,10.5,38,0.39,1.68,0
169,54,0.02,1122,1944,30,10.0,54,2.18,2.64,0
207,7,0.42,1534,1278,33,8.1,26,1.28,0.85,1
192,25,0.38,1133,746,16,14.3,40,1.47,0.85,0
153,21,0.12,1661,736,22,10.9,38,1.47,3.32,1
62,15,0.48,501,999,49,9.1,38,1.09,3.34,0
190,1,0.08,1874,436,43,11.5,4,0.56,3.47,0
218,12,0.34,2101,1965,18,12.7,7,1.89,2.85,1
208,58,0.12,1429,870,7,14.6,30,0.4,0.74,0
200,7,0.22,2057,517,26,10.0,30,0.35,0.82,0
130,15,0.36,902,1488,8,6.1,56,1.8,1.26,1
41,21,0.29,2978,118,6,9.4,19,0.6,1.18,1
96,19,0.22,1174,1545,30,9.8,39,0.84,3.35,1
94,29,0.17,695,1177,39,14.0,35,1.24,2.78,0
190,25,0.42,1619,1831,23,8.9,40,1.18,2.56,0
197,33,0.08,228,1234,32,14.5,33,1.8,0.73,0
103,49,0.22,1409,249,22,9.9,33,1.6,3.19,0
72,32,0.45,2531,265,42,14.7,14,1.65,2.91,1
73,49,0.42,1038,261,43,5.1,38,1.81,0.66,0
58,35,0.21,1255,557,45,14.0,10,0.8,3.06,0
170,44,0.38,2699,65,9,14.3,57,0.87,1.03,0
41,38,0.41,2140,1571,31,14.6,28,1.15,0.37,1
124,26,0.45,1650,933,7,5.1,14,0.84,2.33,1
75,11,0.28,2962,381,9,6.7,36,2.46,2.32,0
159,35,0.11,1070,766,13,11.5,38,2.05,0.42,0
64,8,0.14,699,1950,3,5.3,16,0.5,1.18,1
244,46,0.15,2211,600,35,5.6,21,0.11,3.48,0
110,14,0.3,541,1674,33,7.2,28,0.2,2.41,0
119,10,0.03,2507,991,21,10.1,33,0.69,2.58,0
37,2,0.32,2583,305,31,10.5,6,0.37,0.82,0
122,46,0.19,1530,1041,34,5.3,41,1.38,0.37,0
183,9,0.15,1123,1839,32,6.7,15,2.16,1.04,1
231,3,0.44,489,777,35,10.0,44,1.87,0.95,0
119,21,0.24,2794,929,15,10.9,3,0.62,0.9,0
191,26,0.06,906,864,32,6.5,43,1.06,0.76,1
144,8,0.42,1195,1245,6,9.0,47,1.32,2.05,1
134,48,0.03,2488,698,45,14.0,35,2.04,1.22,0
164,2,0.37,2503,1049,21,15.0,14,2.11,2.89,0
225,6,0.39,2831,1571,33,14.9,2,2.28,0.73,0
87,28,0.18,2822,520,32,13.8,29,1.32,1.68,0
143,53,0.41,1088,1457,19,8.9,4,1.77,0.15,0
104,29,0.26,997,739,33,11.9,26,0.37,1.74,0
186,26,0.24,591,1662,28,9.2,51,1.46,0.29,0
149,25,0.03,2700,749,31,11.5,12,0.7,3.42,0
193,12,0.15,279,556,21,8.1,2,1.14,2.79,0
246,5,0.47,746,1041,34,11.1,17,1.62,1.77,0
50,34,0.2,2108,1059,15,10.2,35,0.72,0.39,0
193,48,0.28,1655,1600,14,5.2,10,0.23,2.11,0
167,37,0.27,1011,853,19,12.9,48,0.12,2.68,0
130,15,0.3,2790,880,43,5.1,22,0.15,0.75,0
230,44,0.04,1148,1398,15,7.9,41,0.12,2.03,0
181,36,0.19,2522,263,6,5.1,43,0.36,2.87,0
221,15,0.36,2645,1281,9,8.8,21,0.67,2.71,0
206,43,0.11,1701,218,37,5.6,15,0.63,2.83,1
128,48,0.11,1790,1403,20,14.1,35,2.47,3.09,1
65,23,0.01,1661,1353,34,9.2,48,0.83,3.29,0
239,6,0.22,1886,1027,38,9.6,21,0.41,1.48,1
125,46,0.44,2906,1378,26,8.5,21,1.41,2.03,0
181,50,0.04,1599,195,18,11.3,21,2.16,2.79,0
180,44,0.1,2007,1848,28,12.8,44,1.73,2.47,1
219,59,0.16,414,565,9,11.5,32,0.81,3.48,0
253,43,0.37,2809,1163,32,12.5,55,1.45,0.15,0
66,45,0.32,2871,502,6,14.1,5,1.82,1.31,0
41,21,0.21,1612,109,14,13.6,39,1.85,1.06,0
142,23,0.38,306,1384,28,11.7,9,1.7,0.99,0
212,43,0.31,1595,577,24,7.1,53,2.19,0.86,0
42,55,0.45,2448,1300,13,11.4,18,2.19,2.51,0
52,16,0.41,1782,1073,43,10.1,21,1.49,0.39,0
246,47,0.13,2727,523,12,12.2,8,1.13,2.62,0
128,53,0.14,2524,1614,19,13.3,44,1.64,2.46,1
134,15,0.07,1044,1736,21,12.4,52,2.06,0.95,1
59,25,0.18,2294,806,27,13.5,34,0.11,0.96,0
46,36,0.5,662,831,19,5.6,10,2.48,2.24,0
142,11,0.21,365,1152,24,5.3,51,0.54,2.69,1
91,51,0.12,2322,482,26,7.6,41,1.23,3.08,0
113,15,0.38,1856,1874,45,14.0,57,2.19,3.0,0
141,4,0.28,2256,1226,28,13.2,24,0.64,3.38,0
246,21,0.08,1717,1862,46,11.8,40,1.24,2.08,1
115,13,0.2,2358,450,18,12.0,24,0.42,3.19,0
170,22,0.21,2481,1352,44,12.3,56,1.05,2.85,0
216,19,0.38,2303,106,36,14.4,32,0.53,3.14,0
48,34,0.02,1278,1052,42,13.3,56,0.97,0.14,0
206,14,0.14,377,235,29,11.2,33,1.0,3.38,0
129,4,0.26,2515,447,17,11.7,38,2.48,1.71,0
169,48,0.14,1637,654,4,7.1,44,2.49,2.81,0
218,53,0.32,951,837,44,11.6,57,0.38,0.53,0
176,52,0.25,1772,207,45,9.2,56,1.84,1.45,0
105,46,0.19,2055,1860,29,6.5,51,0.22,1.02,1
38,27,0.48,621,1766,4,13.1,59,0.17,1.09,1
228,29,0.32,1229,1432,10,10.1,49,0.35,0.52,0
57,47,0.07,2822,1513,25,14.8,34,2.42,2.84,0
235,28,0.28,2210,638,31,7.8,11,2.36,0.13,0
252,35,0.39,1191,515,3,9.8,31,0.57,1.16,0
157,8,0.36,2891,1736,47,9.5,18,0.49,0.69,1
81,16,0.09,2310,495,2,6.2,23,0.68,2.1,0
112,42,0.49,378,1823,25,9.3,22,1.34,0.96,0
140,36,0.23,320,850,49,7.9,43,1.47,0.98,1
173,30,0.09,444,1816,6,6.6,18,0.63,1.76,1
146,18,0.1,338,1561,26,7.8,40,1.92,2.32,0
98,2,0.06,575,1603,8,7.3,47,0.84,0.51,0
128,49,0.4,1126,1146,35,12.3,41,2.31,0.7,0
169,13,0.07,1252,978,27,5.3,47,1.68,0.94,1
54,4,0.07,2855,1774,25,11.2,39,1.15,3.41,1
209,26,0.43,1068,66,18,12.6,20,2.0,1.45,0
152,25,0.18,648,1604,1,9.8,13,2.06,2.14,0
242,30,0.03,1971,780,48,14.3,45,0.8,0.92,0
82,11,0.04,2959,375,39,12.1,1,0.92,1.77,0
180,7,0.08,1015,1044,3,12.5,52,2.35,0.35,0
173,31,0.11,975,1705,4,7.0,4,0.5,0.22,0
86,44,0.34,2008,662,41,12.8,24,0.2,1.69,0
68,10,0.09,2268,595,37,13.3,36,1.19,1.46,1
138,39,0.07,2445,645,15,8.6,36,2.02,0.57,0
210,13,0.38,295,970,8,7.1,45,1.95,2.44,0
71,31,0.34,1791,1781,38,8.9,2,2.31,3.48,0
215,7,0.22,1469,891,19,12.4,28,1.38,1.45,1
196,56,0.28,2779,1275,47,9.2,26,0.34,2.22,0
171,49,0.16,619,393,26,12.4,23,1.51,3.37,1
252,42,0.25,342,1926,39,6.1,15,1.97,2.93,0
151,42,0.26,1241,1596,10,13.1,36,0.32,1.68,1
162,56,0.2,2691,908,38,7.5,27,0.51,2.61,1
192,36,0.45,201,1473,14,7.5,6,0.13,0.54,0
244,20,0.02,2560,1291,49,10.9,35,1.52,1.84,1
250,4,0.39,1970,494,41,5.7,39,2.23,1.05,0
104,54,0.07,2671,1838,19,5.3,38,1.71,0.65,0
175,7,0.4,2019,271,30,7.6,35,2.46,1.55,0
105,54,0.31,2718,1456,5,10.4,36,0.25,0.55,0
38,1,0.42,1936,1954,31,14.1,10,2.27,2.48,1
103,44,0.06,1604,641,7,13.5,30,2.05,1.65,1
215,56,0.28,2017,1080,19,9.9,53,0.85,1.91,0
174,45,0.26,2888,1345,31,5.4,41,2.44,0.6,0
36,42,0.36,2729,1812,39,10.4,38,0.79,0.58,0
203,47,0.27,2157,1067,24,12.0,29,2.23,2.08,0
170,59,0.27,1584,65,34,8.4,52,2.21,3.45,0
197,13,0.22,989,1497,23,6.1,59,1.92,0.43,1
199,55,0.16,390,573,48,7.8,43,1.45,1.07,0
166,22,0.25,685,852,45,12.7,39,0.39,3.06,0
207,54,0.07,1557,1826,40,8.5,50,1.38,0.35,1
56,21,0.48,232,70,6,13.1,4,0.96,3.08,0
151,22,0.36,1131,1763,38,8.2,5,2.0,1.88,0
223,28,0.48,1100,277,41,6.6,4,1.92,1.49,0
34,9,0.12,760,1057,36,9.4,36,2.29,1.15,0
58,26,0.44,723,1858,27,9.5,59,0.14,1.11,1
194,9,0.41,2483,1361,11,5.2,45,2.04,1.14,0
195,15,0.34,1138,858,5,6.2,16,2.35,3.11,0
112,10,0.32,608,1207,17,6.8,25,1.99,2.56,0
165,24,0.17,2323,1356,7,6.1,14,0.41,2.38,0
138,58,0.41,1672,453,27,8.4,11,0.3,2.82,1
94,57,0.26,2622,1738,47,14.6,29,0.15,0.97,1
115,42,0.04,2751,1139,15,10.1,34,1.61,2.2,1
174,8,0.16,2807,1722,46,11.3,22,1.61,1.66,0
100,24,0.47,2134,1677,13,8.6,14,2.47,2.76,0
246,16,0.43,1716,486,11,8.2,56,1.06,1.15,0
74,49,0.49,2309,878,45,5.2,24,0.9,2.29,0
161,26,0.32,2599,983,26,10.0,59,1.6,3.1,0
65,27,0.13,271,308,22,9.8,39,2.08,1.47,0
99,37,0.09,422,152,28,6.6,26,2.35,0.33,1
188,4,0.1,1467,1042,24,12.6,43,2.03,1.85,0
48,50,0.02,547,1640,29,9.9,36,1.12,1.28,0
218,24,0.2,2668,818,9,8.4,39,1.62,2.39,0
137,19,0.1,1134,1174,42,6.5,16,2.16,3.33,0
211,36,0.21,1380,1271,4,10.5,58,1.28,1.75,0
196,39,0.47,1283,862,49,12.5,38,0.62,1.69,0
120,10,0.22,1451,275,46,7.8,59,0.51,2.33,0
231,25,0.44,2060,992,18,7.2,32,0.1,0.45,0
119,18,0.31,2766,512,43,10.2,6,1.82,0.96,1
48,19,0.13,1655,286,16,6.6,34,0.37,3.22,0
68,36,0.18,2066,1099,33,11.7,56,0.69,2.38,0
155,10,0.05,969,1194,29,11.1,8,0.81,0.15,0
224,33,0.17,2907,1983,39,5.9,30,1.44,0.8,0
202,55,0.34,2106,555,10,5.4,27,1.06,2.42,1
170,50,0.05,2518,1255,9,11.2,7,1.72,2.7,0
249,5,0.11,328,1784,31,7.9,27,0.23,2.96,0
155,47,0.2,1046,863,28,5.9,25,0.4,1.09,1
87,49,0.49,2416,816,3,12.6,56,1.3,3.27,0
177,35,0.39,2986,683,14,8.1,46,0.91,1.98,0
249,44,0.37,2122,1616,25,9.6,41,0.81,2.47,0
229,34,0.07,1701,1388,15,7.4,15,0.26,2.13,0
90,33,0.39,641,1040,2,11.3,25,2.25,0.52,1
156,55,0.39,210,1870,24,8.0,22,1.76,3.37,0
134,21,0.3,1227,667,14,14.7,18,0.39,0.52,0
196,17,0.5,1853,1809,48,12.0,12,0.26,0.97,0
30,22,0.17,2735,322,7,6.4,23,2.44,2.87,0
160,48,0.47,214,1983,36,9.2,51,1.73,2.2,0
234,37,0.46,735,281,24,8.9,45,1.1,2.95,0
121,15,0.02,1877,1493,27,10.3,39,1.78,1.85,0
219,35,0.23,2368,817,37,13.4,25,1.92,1.38,0
220,28,0.49,684,1515,38,10.8,10,1.97,3.23,1
142,7,0.06,2890,545,30,5.6,30,1.25,0.22,0
182,32,0.28,2305,1097,27,11.6,10,1.13,3.01,0
85,11,0.49,2020,1182,39,5.1,34,0.13,0.88,0
190,10,0.28,1154,1776,15,12.8,46,2.32,2.99,1
195,9,0.1,2649,551,26,11.7,13,1.55,0.57,1
146,14,0.3,1379,1932,1,8.1,54,0.59,2.07,1
163,13,0.11,2787,74,4,7.9,29,2.31,3.12,0
87,57,0.26,1189,1260,29,13.0,38,2.3,1.71,1
73,25,0.05,476,337,1,12.8,41,2.47,2.64,0
202,2,0.31,757,1701,43,8.5,45,2.2,2.84,0
189,35,0.26,2856,387,46,8.0,9,2.49,2.6,0
202,7,0.37,151,1951,22,10.6,13,0.69,3.25,1
90,21,0.32,1183,1987,11,5.1,37,2.12,1.62,1
76,18,0.28,2631,1110,10,5.8,14,2.08,0.69,1
178,3,0.35,274,1867,17,6.3,37,0.65,0.26,1
109,42,0.08,1254,186,36,6.9,9,0.34,0.94,0
147,54,0.3,2682,557,47,10.1,8,2.45,0.59,0
242,39,0.09,2849,276,26,14.9,39,0.81,2.0,0
232,41,0.46,2011,369,48,11.5,40,2.19,0.73,1
193,49,0.04,1323,1913,21,5.6,54,0.11,0.23,0
176,11,0.22,2997,965,13,10.3,3,0.15,0.22,1
49,39,0.35,278,1255,9,10.0,55,1.22,2.93,0
214,24,0.23,587,1947,11,6.4,56,0.67,2.11,0
175,46,0.06,900,135,11,14.2,47,1.76,1.32,0
76,19,0.28,2698,1540,6,9.4,40,1.46,3.14,0
78,4,0.32,1371,975,1,14.9,33,0.29,0.34,1
43,26,0.35,2408,102,6,9.2,32,0.49,3.43,0
172,38,0.19,1051,909,13,11.1,7,1.03,2.2,0
188,42,0.29,2242,916,22,6.0,19,0.55,0.72,0
30,32,0.23,1452,1308,31,9.5,34,2.0,2.41,0
146,39,0.34,2732,1852,22,7.4,14,1.1,2.7,0
83,45,0.3,1583,1872,37,13.4,50,0.32,1.56,0
147,46,0.27,2658,482,47,12.8,47,1.26,3.03,1
32,36,0.13,540,1569,27,13.2,46,0.32,0.61,0
173,40,0.01,1217,1048,14,12.2,56,0.41,1.05,0
244,37,0.1,176,149,47,13.3,57,0.68,0.42,0
214,33,0.07,2991,1039,5,7.0,19,2.16,0.82,0
232,36,0.23,697,648,36,9.5,51,2.32,0.91,0
41,3,0.31,2818,452,32,11.9,54,2.08,3.22,0
103,9,0.11,716,445,34,11.4,59,0.9,0.37,0
253,8,0.47,853,1600,7,12.2,26,0.75,1.55,0
45,33,0.01,1392,464,42,7.2,17,1.42,1.91,0
229,59,0.39,334,988,48,6.0,54,1.83,3.16,1
131,6,0.32,1740,1686,10,14.2,28,2.48,3.49,1
233,41,0.19,2063,726,17,10.6,19,0.42,2.66,0
181,39,0.03,997,512,30,6.5,27,0.22,3.4,0
185,4,0.32,748,590,21,12.9,48,1.77,2.78,0
146,13,0.2,955,1699,13,14.1,52,2.1,3.37,0
37,49,0.47,1507,1692,1,6.7,57,2.13,2.5,1
151,2,0.28,2276,1995,1,13.2,19,1.73,0.37,1
121,5,0.47,2776,1437,47,14.3,33,2.39,1.47,0
193,44,0.12,2028,1203,33,14.4,51,1.33,2.3,0
119,27,0.37,2610,133,38,14.1,7,2.29,1.29,0
165,32,0.31,695,320,25,10.5,29,2.42,1.03,0
215,21,0.37,1782,293,26,8.6,55,2.13,2.06,1
89,8,0.12,2366,437,13,5.1,43,0.84,3.27,0
207,38,0.34,2878,263,28,5.6,5,0.57,0.22,0
57,8,0.25,2780,867,33,9.3,30,1.42,2.72,0
249,50,0.37,2712,1239,37,9.0,49,1.19,2.56,0
130,3,0.17,2229,1864,41,6.8,43,2.21,3.38,0
70,54,0.45,2484,108,30,9.0,56,0.34,3.26,0
221,44,0.05,2791,1675,49,6.7,58,0.72,2.69,0
184,58,0.41,2076,932,48,13.5,8,1.9,1.87,1
220,3,0.43,766,892,8,8.0,42,0.33,0.79,1
174,22,0.41,2467,973,49,11.0,12,0.87,1.95,0
230,6,0.26,1353,1577,47,10.0,42,1.03,2.7,1
190,2,0.22,1909,1779,1,5.5,13,1.59,3.15,0
241,23,0.5,2715,172,12,14.4,26,0.48,2.79,1
234,44,0.12,2780,1721,5,10.3,18,2.17,0.76,1
249,2,0.28,375,1486,24,8.3,42,1.17,2.14,0
186,38,0.34,819,1212,6,6.6,51,2.3,1.23,1
170,17,0.35,1913,1302,25,8.4,52,1.22,0.13,0
75,35,0.11,1066,1347,1,5.2,49,0.76,0.78,0
64,34,0.33,2323,488,25,8.6,20,0.44,0.48,0
163,23,0.41,2271,1071,1,10.3,16,0.11,2.97,1
111,30,0.03,1364,611,32,13.7,37,1.38,0.98,1
144,52,0.46,1855,1983,42,11.9,3,0.36,1.07,0
226,8,0.02,1992,167,42,6.1,27,1.04,3.36,0
76,22,0.18,2133,1787,3,6.5,15,1.51,1.39,0
182,44,0.02,205,954,49,9.3,58,0.76,0.13,1
223,58,0.05,869,1556,19,7.0,34,0.52,1.07,0
39,36,0.46,2750,444,43,5.3,45,1.96,0.51,1
85,5,0.18,2229,1776,29,13.1,22,2.37,0.45,0
59,13,0.22,723,925,2,5.2,40,0.34,0.36,0
138,29,0.12,816,1533,9,13.3,23,0.47,2.12,0
34,31,0.3,433,1908,17,6.4,59,2.4,0.74,1
148,47,0.3,1894,1766,46,14.7,49,0.19,1.33,0
62,57,0.19,2384,984,36,11.0,4,2.45,3.03,1
147,55,0.17,647,1151,17,12.3,51,0.11,1.54,0
94,16,0.44,1615,1001,49,6.1,54,2.2,3.21,0
175,42,0.2,279,1485,12,13.6,57,0.84,1.79,1
253,30,0.25,788,124,20,13.4,41,2.35,1.46,1
206,57,0.15,2311,344,3,11.5,23,0.86,2.65,1
40,55,0.4,2210,1866,43,10.0,47,1.67,0.35,0
114,16,0.2,2641,70,4,12.2,9,0.29,0.4,0
55,12,0.26,2644,1979,17,5.1,24,0.68,2.32,0
92,17,0.13,1135,1244,37,10.9,21,1.96,1.76,0
246,16,0.49,1142,1088,46,13.5,41,1.37,2.79,1
115,12,0.15,2912,1284,42,8.6,46,2.33,3.22,0
88,8,0.39,2271,609,15,6.1,55,1.13,1.42,0
56,20,0.22,2734,1159,33,9.2,53,2.19,2.13,0
206,3,0.11,250,1222,16,12.3,16,1.18,1.8,0
234,16,0.4,2373,1773,11,6.1,56,2.45,3.44,0
190,30,0.17,576,421,20,7.1,55,2.4,2.93,0
127,45,0.43,190,1553,38,6.5,25,0.89,3.2,0
134,23,0.46,578,867,24,13.0,26,2.23,0.96,0
128,28,0.43,493,1224,16,5.6,49,2.13,2.73,1
158,51,0.03,515,1214,30,11.9,45,0.61,1.0,0
178,40,0.4,758,1142,34,8.7,9,1.6,0.81,0
84,54,0.21,2854,1333,1,12.6,15,0.27,3.31,1
35,5,0.44,877,895,24,14.6,39,2.11,0.17,1
249,20,0.32,2426,570,24,6.1,33,0.52,3.38,1
238,40,0.42,974,1706,9,8.1,1,0.27,0.61,1
226,56,0.25,1525,420,22,13.1,5,1.06,2.89,0
124,44,0.27,1038,1492,12,7.7,56,1.48,1.04,0
162,1,0.08,2193,150,17,7.2,9,2.15,1.29,0
131,57,0.39,1491,710,25,13.3,44,2.44,0.84,0
32,30,0.22,1446,1731,28,14.9,6,1.15,2.09,1
210,21,0.26,266,1938,15,10.6,28,0.25,1.28,0
52,20,0.39,2565,1017,30,7.8,45,1.9,2.34,1
82,6,0.3,1267,292,27,9.0,26,1.46,0.15,1
194,22,0.11,317,802,22,6.7,28,1.17,0.32,0
231,18,0.3,1888,561,10,12.6,40,0.84,0.44,1
231,8,0.21,1514,898,31,12.7,15,1.31,1.52,0
112,39,0.24,2858,604,27,13.8,6,0.91,2.87,0
174,32,0.02,844,1168,12,5.3,27,1.92,3.12,1
114,33,0.11,1074,275,46,10.6,38,1.41,0.93,0
107,53,0.15,301,1591,31,7.1,4,2.2,2.05,1
230,16,0.36,735,263,32,8.4,11,1.4,2.71,0
139,12,0.02,1062,767,32,12.8,21,0.67,1.08,0
30,38,0.21,2471,116,41,6.9,30,2.14,1.49,1
80,52,0.46,1727,445,45,11.4,18,1.44,1.88,0
202,34,0.06,645,661,35,11.5,35,0.6,0.56,0
234,14,0.26,2298,1085,46,14.5,3,1.6,0.19,0
33,36,0.4,706,1310,21,12.8,12,0.96,0.62,1
219,33,0.47,1255,1907,10,13.0,27,2.13,2.23,0
222,23,0.38,1702,819,16,10.3,53,1.19,0.35,1
142,50,0.36,2270,1472,7,6.9,30,1.84,0.74,0
61,45,0.41,306,456,4,9.3,21,0.33,1.25,0
63,2,0.23,884,974,27,10.5,38,1.05,0.36,1
121,41,0.4,2329,1922,25,11.8,21,2.46,0.75,0
124,21,0.01,1577,1553,31,11.1,38,2.04,3.2,0
101,2,0.46,708,696,11,8.9,40,0.48,0.17,1
68,27,0.23,2304,271,48,7.7,15,0.77,2.32,1
183,57,0.28,2462,1229,20,6.7,18,0.89,1.41,0
191,9,0.13,304,703,36,11.9,52,1.66,2.39,0
211,1,0.37,1146,477,17,11.5,29,1.92,2.1,1
147,11,0.05,2444,1231,45,11.9,48,1.9,0.86,1
32,3,0.44,680,1026,11,8.7,38,1.32,2.98,1
152,52,0.42,2121,1489,30,7.6,21,2.05,1.77,0
79,23,0.12,2735,1055,35,12.6,17,1.15,2.9,1
41,26,0.41,878,1399,41,12.7,41,0.4,1.48,0
222,4,0.4,1327,420,38,9.6,51,1.45,3.45,0
83,18,0.32,303,1417,22,11.1,18,2.39,2.72,0
162,55,0.19,241,1335,43,8.7,57,2.0,3.38,0
251,6,0.14,2535,1356,48,12.0,55,1.49,1.85,0
251,35,0.12,1653,899,27,13.4,37,1.65,1.71,0
86,22,0.17,1866,905,37,11.9,38,2.33,2.67,0
174,43,0.45,2647,278,46,10.1,12,1.13,3.09,0
141,15,0.05,2166,1961,49,9.6,11,0.9,3.38,0
76,22,0.42,936,329,35,11.4,48,2.45,1.2,0
180,37,0.18,422,1943,4,11.8,52,2.17,2.82,0
236,52,0.27,2177,1363,16,10.6,49,0.88,0.82,0
114,42,0.4,2785,1753,16,11.2,20,1.21,1.95,0
171,12,0.44,326,1120,21,6.0,9,1.1,0.71,0
95,47,0.18,792,1024,26,14.5,1,0.46,1.28,1
104,49,0.24,2048,1788,36,12.9,58,2.4,3.27,1
208,42,0.21,716,1287,19,8.7,3,1.07,0.6,1
132,38,0.02,815,807,17,10.6,21,2.2,2.25,0
195,18,0.16,1481,1097,45,5.5,23,0.55,2.12,0
221,45,0.24,1948,370,26,5.4,9,1.41,0.51,0
67,35,0.21,1219,323,22,7.5,54,0.16,1.21,1
79,30,0.36,2499,605,28,11.9,19,1.93,2.01,0
127,24,0.2,557,893,1,13.5,45,1.49,0.74,0
111,42,0.25,1362,1386,44,10.6,55,1.6,2.82,0
59,30,0.22,2003,1436,36,10.3,46,0.22,3.41,0
108,14,0.37,1302,717,43,9.0,52,0.61,0.83,1
120,6,0.43,2758,1049,37,6.6,19,0.28,0.74,1
208,3,0.27,1291,429,2,6.2,23,0.79,1.65,1
220,16,0.4,2661,760,17,12.6,27,1.61,2.64,0
81,7,0.16,293,1992,40,14.3,27,1.46,1.06,1
195,52,0.28,2639,1747,38,9.6,39,1.57,0.17,0
254,14,0.18,636,1980,21,11.6,36,1.42,1.94,1
245,9,0.21,1009,1543,9,14.1,12,0.76,3.35,0
108,15,0.37,2085,795,13,5.9,55,0.69,1.43,0
59,21,0.44,297,724,11,12.7,27,0.43,1.53,0
135,35,0.07,1509,165,16,11.2,46,2.14,3.39,0
80,2,0.32,1507,654,16,11.0,34,1.58,2.46,1
110,27,0.3,2863,1115,2,7.9,33,0.55,2.55,1
162,2,0.07,239,1869,42,11.8,28,0.53,2.01,0
58,35,0.11,1507,428,44,12.9,31,2.2,3.41,0
161,18,0.16,348,1795,8,6.1,32,1.88,2.44,0
167,14,0.09,687,1279,43,10.3,50,1.68,3.14,1
213,20,0.13,450,515,42,6.0,20,1.08,2.48,0
174,18,0.14,873,1805,13,13.7,40,0.73,2.6,0
103,10,0.17,1748,329,17,10.1,35,2.45,1.09,0
46,25,0.38,1609,1721,39,13.1,31,2.01,1.13,0
113,2,0.29,217,667,24,8.7,58,0.82,2.76,1
245,25,0.49,2656,167,3,6.3,31,2.13,1.11,0
98,54,0.21,1687,1310,30,5.4,38,1.92,2.01,0
63,33,0.38,547,358,13,7.8,22,0.81,0.95,1
35,36,0.44,769,1529,19,7.4,45,1.12,2.88,0
82,31,0.34,1734,1973,7,10.6,41,0.55,0.48,0
223,14,0.21,1313,1548,9,5.2,9,0.37,2.92,0
234,1,0.38,879,149,19,10.2,52,1.83,2.15,0
155,46,0.11,705,310,45,8.9,9,0.74,0.74,0
72,16,0.17,2102,1042,40,10.8,15,2.07,1.94,1
232,54,0.28,2978,1378,22,12.0,13,2.49,1.06,1
144,46,0.29,1901,1427,18,11.3,22,0.28,1.2,1
140,52,0.02,2807,335,23,14.8,16,1.24,1.3,1
180,3,0.47,2945,377,2,6.4,32,2.02,0.32,0
212,35,0.35,2479,1176,11,9.3,2,1.99,3.45,0
109,41,0.25,2858,112,31,9.2,26,1.92,0.21,0
124,6,0.47,1145,736,33,9.2,14,0.94,2.35,1
232,25,0.23,2109,1355,14,11.6,59,1.19,1.36,0
147,13,0.49,1751,1514,16,9.9,38,1.53,2.3,0
173,53,0.26,2943,1366,11,10.2,34,2.44,1.31,0
37,34,0.07,1630,787,33,9.3,8,0.89,2.39,0
161,8,0.38,2284,1080,7,14.9,36,2.32,2.58,0
133,21,0.34,1252,688,31,14.3,21,0.75,2.45,1
161,34,0.39,2988,985,48,8.1,56,2.47,0.49,0
213,4,0.48,2501,1165,46,6.1,46,1.71,2.33,1
54,25,0.39,1553,1263,47,13.4,43,1.21,1.05,0
224,15,0.31,2327,1944,14,15.0,56,1.57,0.2,1
125,4,0.43,2793,525,28,7.9,28,0.75,1.51,1
224,45,0.34,1449,1584,43,8.6,46,0.76,1.57,1
184,12,0.21,1872,1535,16,14.4,44,0.37,1.69,0
122,32,0.44,2755,102,19,12.1,48,0.37,2.5,0
189,32,0.12,1048,803,17,8.0,6,0.93,1.15,0
207,28,0.36,1356,535,26,10.8,20,1.93,1.17,0
90,13,0.44,1685,1717,6,14.4,31,1.56,0.31,0
151,31,0.37,227,1563,43,13.1,33,0.35,2.44,1
80,14,0.35,2981,1437,49,12.4,44,2.15,2.03,0
176,20,0.38,2871,1185,9,12.4,7,1.54,1.29,0
50,18,0.24,1682,458,17,6.8,8,2.41,2.5,0
34,29,0.44,387,1080,31,13.2,9,1.71,1.93,1
239,6,0.11,1307,1815,12,7.8,2,0.52,1.7,1
121,32,0.07,2146,717,23,14.3,17,1.24,1.84,0
199,29,0.15,1365,1270,5,8.6,52,1.66,2.26,0
90,43,0.27,427,884,43,13.6,45,0.17,2.34,1
51,2,0.26,673,925,36,7.7,37,0.14,1.08,0
178,23,0.41,329,1808,36,10.1,42,0.41,0.58,0
99,19,0.21,272,416,3,6.1,44,0.7,0.63,1
30,31,0.25,1419,1051,24,11.6,17,1.13,2.27,1
162,51,0.02,1907,299,17,13.4,53,1.27,3.07,0
41,5,0.21,1244,1989,39,12.2,38,0.43,1.49,0
119,19,0.33,629,1668,26,10.2,35,1.72,0.68,0
75,34,0.02,1947,1313,4,5.5,47,1.53,2.67,0
63,10,0.15,2281,429,45,14.3,39,0.81,2.93,0
206,25,0.11,2762,1980,12,12.1,30,0.13,3.09,0
107,2,0.03,2816,921,1,12.5,6,0.29,2.16,0
247,11,0.24,2554,884,21,12.9,4,1.04,3.03,0
74,50,0.1,965,1544,19,12.5,51,0.47,0.15,0
184,31,0.37,2844,824,21,9.4,37,1.0,0.46,0
102,56,0.43,592,968,18,12.3,35,1.61,0.41,0
55,15,0.28,2720,1774,43,11.3,58,1.41,2.52,0
76,9,0.49,292,504,3,13.5,57,0.65,0.34,0
150,23,0.23,341,415,49,13.0,9,0.93,1.79,0
243,19,0.26,1560,1363,44,5.4,6,1.57,1.71,1
85,9,0.49,527,1947,32,8.8,13,2.17,1.16,0
123,35,0.12,2778,452,10,5.3,59,1.91,3.06,1
136,21,0.47,684,107,40,6.0,22,1.43,0.68,0
92,9,0.03,1866,570,15,11.0,28,0.97,1.3,0
77,28,0.23,1182,1377,5,13.7,30,0.98,2.73,0
90,46,0.04,1560,1188,4,6.2,52,2.21,0.2,0
110,51,0.37,2290,259,28,9.5,36,0.19,2.39,1
55,7,0.31,2139,1114,4,14.1,2,2.47,2.88,1
65,16,0.36,2726,865,15,13.1,58,1.69,3.27,1
30,16,0.19,1327,222,17,10.2,36,1.73,3.08,0
37,33,0.19,554,283,44,12.7,8,0.19,1.19,0
142,4,0.03,1322,842,3,10.2,45,1.55,2.09,0
128,4,0.18,1038,1957,10,6.6,42,1.26,0.36,0
209,39,0.47,571,1663,47,6.2,50,0.35,0.98,0
236,40,0.2,1791,1693,42,6.9,9,0.77,0.42,1
76,17,0.42,621,842,23,8.5,1,2.24,1.17,1
156,37,0.42,696,1476,18,14.3,13,1.42,3.08,0
85,39,0.19,780,1112,1,13.0,50,1.09,1.28,0
243,52,0.32,1187,168,35,9.3,15,0.27,2.01,0
43,29,0.06,2975,384,31,9.9,32,1.81,1.57,0
247,52,0.06,1979,1409,44,7.7,34,1.79,1.66,0
57,36,0.03,513,1612,1,12.0,43,1.57,3.4,1
244,38,0.29,2316,1689,3,13.0,31,1.32,1.11,0
107,39,0.22,695,1147,3,7.4,14,1.14,2.23,0
245,50,0.28,2719,1264,37,5.4,54,1.52,1.53,0
159,37,0.27,783,373,19,11.2,47,0.66,0.31,0
138,52,0.18,2086,1060,29,10.6,14,2.36,1.76,1
183,35,0.34,1830,1220,25,9.0,48,1.51,2.87,0
43,7,0.38,1112,1840,33,11.4,55,0.85,0.44,1
216,27,0.02,1032,333,36,10.5,29,1.18,0.34,0
85,28,0.11,2977,262,29,7.5,47,2.03,0.62,1
144,22,0.36,1020,1708,26,9.0,19,0.49,2.7,0
36,14,0.2,665,1791,4,9.3,27,0.8,2.56,0
32,7,0.33,1570,978,49,13.8,9,1.73,2.02,1
140,37,0.18,1015,801,14,14.6,37,0.86,1.69,1
180,22,0.2,2303,1467,27,13.9,37,2.0,3.12,1
136,5,0.09,1258,388,33,12.2,43,0.41,2.71,0
47,55,0.14,363,1871,22,10.8,28,1.93,2.86,1
67,2,0.31,2394,1095,48,11.9,52,0.26,2.87,1
144,27,0.22,168,1844,3,14.4,57,0.13,2.29,0
44,21,0.39,791,1942,23,7.5,24,2.26,1.66,1
221,54,0.43,1254,154,21,10.4,28,1.5,3.04,0
246,38,0.28,479,1539,41,11.9,36,0.94,3.25,0
148,15,0.38,1015,1532,23,11.8,52,0.66,0.18,0
57,21,0.16,923,1505,4,7.5,18,1.58,0.28,1
231,10,0.21,541,819,21,10.9,25,1.32,3.36,0
68,23,0.36,786,765,37,13.0,35,2.48,1.04,0
214,58,0.2,2504,1895,43,9.8,4,2.46,3.07,0
46,56,0.3,2849,1847,31,12.9,14,1.62,1.42,0
115,39,0.1,1175,1692,21,8.6,39,1.16,0.5,0
247,5,0.3,2717,812,26,14.4,26,1.28,0.37,0
155,1,0.43,1824,1294,41,10.3,8,1.74,0.63,1
73,13,0.44,2833,428,35,11.0,24,0.34,0.95,1
54,21,0.36,889,1295,38,5.3,16,0.89,1.76,1
174,26,0.38,1695,1331,24,6.7,20,0.28,2.49,1
42,50,0.28,618,762,11,11.3,15,0.28,3.45,0
241,45,0.3,2409,1440,41,9.2,7,0.57,1.6,0
54,21,0.08,1285,1843,29,10.1,58,1.26,1.86,0
97,53,0.23,1181,1422,47,5.6,17,1.98,1.87,0
167,18,0.23,2674,274,3,13.3,22,1.27,1.93,1
96,37,0.48,1023,1787,1,12.8,22,0.91,1.86,0
138,45,0.22,609,787,19,6.9,54,0.3,0.13,1
175,32,0.28,2450,285,46,11.3,12,1.42,0.11,0
140,36,0.27,1699,232,49,13.2,18,0.75,0.43,1
140,17,0.32,901,761,22,11.4,56,1.58,0.45,0
243,35,0.38,1611,1942,14,8.1,46,2.45,2.5,0
63,49,0.12,1927,1831,49,11.6,47,0.37,0.8,1
140,11,0.27,1003,493,14,7.1,15,0.61,3.14,0
37,21,0.41,2433,1938,44,8.2,37,1.24,3.26,1
197,52,0.24,1479,672,16,7.4,16,2.42,3.42,0
142,55,0.15,627,1079,33,10.6,5,1.95,3.29,0
112,53,0.33,2876,1309,13,6.1,2,2.26,1.02,1
71,26,0.41,2413,1200,38,14.3,52,0.9,1.83,0
198,4,0.04,284,1177,49,8.3,28,2.48,0.7,1
130,34,0.39,1302,798,12,7.2,57,0.35,2.84,0
35,52,0.41,559,1988,38,10.0,41,0.23,3.12,0
209,48,0.24,1595,1553,39,7.8,54,2.15,2.99,0
55,18,0.49,1467,204,33,10.3,27,2.33,1.57,0
93,40,0.4,1419,306,33,8.5,31,0.32,2.68,0
216,35,0.39,1729,284,29,6.3,41,0.37,0.43,0
213,41,0.38,235,549,5,7.7,36,0.18,0.24,0
88,29,0.08,2753,338,6,9.4,47,0.35,2.66,0
138,52,0.12,2015,559,31,5.3,43,0.6,1.55,0
227,29,0.24,1619,1625,16,12.7,1,2.43,3.48,0
150,38,0.14,527,1873,31,11.2,50,1.7,0.43,0
62,42,0.21,1830,758,25,11.0,29,1.97,3.01,0
210,21,0.45,1224,834,48,10.5,1,1.96,1.73,0
179,42,0.41,391,943,46,10.9,8,1.38,2.91,0
50,13,0.32,1069,825,33,14.3,57,2.01,2.88,0
227,49,0.43,1736,1642,13,5.1,16,1.53,3.21,1
99,41,0.39,2463,347,10,5.5,58,0.85,1.11,1
141,17,0.22,2909,1683,24,6.9,28,1.45,3.33,0
33,56,0.11,1421,186,10,6.7,22,1.38,0.62,0
123,9,0.26,219,425,41,6.8,18,2.08,0.38,1
104,41,0.37,2254,136,31,11.7,22,2.46,1.57,0
219,1,0.22,1555,1492,13,9.6,41,1.09,2.92,1
91,2,0.34,2236,1827,3,14.9,12,1.93,1.71,1
123,48,0.06,2157,1272,34,7.3,19,0.34,2.92,0
124,29,0.38,950,1536,49,8.1,25,1.96,2.58,0
181,33,0.41,1191,486,28,14.8,50,0.99,0.81,1
84,10,0.36,2929,1383,19,13.3,59,0.19,3.33,1
166,50,0.48,974,1669,23,9.7,5,0.97,0.31,0
160,58,0.42,905,1827,45,10.5,59,1.57,3.15,0
60,40,0.45,2549,1354,32,13.4,34,0.39,1.14,0
69,21,0.47,2145,1396,13,9.8,39,2.32,1.8,0
65,28,0.4,1989,813,33,7.1,59,0.29,1.54,1
181,11,0.34,1471,751,34,13.3,10,2.33,0.68,1
252,55,0.01,2480,991,33,10.4,47,1.8,1.32,0
35,34,0.24,1759,201,5,6.5,57,0.89,0.76,1
95,8,0.29,259,1375,3,10.1,7,1.04,0.79,0
241,59,0.16,1166,1351,7,9.1,37,1.88,0.74,0
249,22,0.17,2111,1724,24,13.8,47,1.54,1.76,0
104,8,0.48,2741,1761,22,6.3,52,1.71,2.81,0
33,49,0.45,1919,1081,45,13.8,52,1.03,2.03,0
108,15,0.43,174,856,23,10.1,15,1.27,3.14,0
163,17,0.21,992,284,30,9.0,42,2.48,2.26,1
147,23,0.02,2988,724,18,6.6,24,0.61,2.44,1
142,24,0.05,887,610,32,12.0,26,1.1,2.37,0
123,45,0.16,2254,1375,7,14.3,26,0.8,1.63,0
208,19,0.02,329,87,33,8.8,46,1.94,2.44,0
91,5,0.02,381,1209,5,7.4,26,1.93,0.34,1
214,32,0.46,2067,871,49,10.5,58,0.8,3.02,0
223,44,0.36,492,470,28,13.0,10,0.3,2.74,0
108,1,0.16,626,1292,8,5.0,17,0.13,0.93,0
232,23,0.07,1972,397,15,11.3,53,1.13,2.71,0
165,37,0.26,2773,1881,4,11.0,14,1.08,0.14,0
55,8,0.01,604,1619,34,8.2,2,2.47,0.84,1
208,13,0.47,1405,1937,5,9.5,48,1.23,0.32,1
202,8,0.21,438,1152,33,7.5,13,0.72,2.75,0
73,57,0.21,1386,797,5,12.9,27,2.24,2.67,0
162,23,0.2,2455,1968,38,11.3,9,1.28,2.87,0
99,43,0.04,679,322,34,10.3,7,1.54,0.12,1
183,1,0.32,2884,1234,26,8.9,48,0.33,1.8,0
147,45,0.37,2426,1760,1,7.9,10,1.02,2.5,0
97,51,0.34,745,1951,4,13.2,56,2.37,0.63,0
48,24,0.08,584,357,39,9.5,54,1.51,2.31,0
241,35,0.29,1031,1447,26,10.0,9,0.93,0.39,0
254,24,0.29,1931,1025,33,10.2,22,1.6,0.72,0
49,17,0.44,551,782,33,9.5,23,2.28,1.72,0
142,5,0.2,2819,1082,8,7.6,7,0.76,2.32,0
169,20,0.19,2285,1874,20,6.2,48,1.31,0.6,0
76,21,0.31,2781,493,16,6.0,9,2.4,0.73,0
30,40,0.32,1715,1186,21,12.6,27,0.51,0.8,0
119,58,0.24,458,1278,45,7.2,24,1.83,0.91,0
171,31,0.23,492,454,26,5.6,29,1.57,0.87,0
93,46,0.25,585,1771,23,13.0,17,1.73,1.44,1
67,36,0.43,326,902,18,6.5,20,0.94,2.32,0
66,11,0.24,288,1270,31,11.3,7,0.85,1.59,0
155,52,0.47,343,827,42,8.4,43,1.74,2.74,0
168,15,0.26,1334,1847,12,6.3,40,0.62,2.55,0
129,19,0.48,1092,1833,1,9.1,7,1.11,0.53,0
106,7,0.42,674,164,42,5.1,28,0.55,0.27,1
32,51,0.19,1774,1194,9,13.4,19,0.12,3.09,0
190,28,0.43,2407,1726,3,10.1,20,2.43,0.37,0
163,51,0.06,890,114,26,6.4,44,1.14,0.6,1
207,43,0.46,1011,1349,9,7.4,39,2.43,0.18,1
39,58,0.32,1103,874,42,9.5,40,0.44,2.24,1
34,5,0.04,1452,288,16,6.9,7,1.51,2.08,1
180,5,0.33,1424,351,24,7.7,6,0.58,3.46,1
167,30,0.49,1893,1465,14,10.3,25,2.0,3.12,0
201,54,0.04,2337,1595,3,13.3,41,1.98,1.5,0
159,32,0.28,941,1018,34,9.0,59,0.37,1.36,0
42,8,0.38,695,418,33,12.2,13,2.29,1.11,1
197,10,0.41,1994,282,24,13.8,39,0.57,0.62,1
159,38,0.21,1166,244,9,7.2,40,1.57,0.57,0
113,47,0.11,2077,956,13,13.1,22,2.47,0.55,0
94,32,0.03,1703,1085,2,12.6,49,2.22,0.49,1
92,48,0.29,206,1979,7,8.6,17,2.4,0.92,1
130,28,0.23,2309,970,48,14.9,48,0.92,1.14,0
102,17,0.47,154,738,21,7.6,22,0.35,3.37,1
46,31,0.04,1587,226,19,7.5,34,0.55,2.07,0
38,8,0.35,1512,266,25,12.7,8,1.3,3.46,0
232,40,0.02,1970,1084,47,9.3,49,2.0,1.37,0
172,25,0.09,1432,1519,22,8.3,45,0.46,1.66,0
181,9,0.23,2287,679,11,6.8,18,1.68,1.2,0
67,2,0.23,2813,213,33,12.7,24,0.88,0.72,1
192,15,0.35,2895,1624,32,12.9,54,0.92,0.59,1
123,50,0.46,1423,102,21,10.7,42,1.69,3.31,1
124,3,0.32,1281,267,39,14.6,2,1.22,3.46,0
78,49,0.48,817,1791,20,8.2,2,2.05,0.25,0
98,36,0.44,2791,1048,8,7.2,27,0.47,0.61,0
91,4,0.3,2786,873,42,11.8,14,2.0,1.54,0
217,14,0.42,2682,1433,37,12.6,48,0.25,0.73,0
207,41,0.32,1431,434,9,7.2,39,0.57,1.34,0
107,41,0.05,2836,105,25,5.8,53,1.67,0.54,0
146,25,0.37,1146,167,25,13.1,53,2.15,1.65,1
149,58,0.06,2076,949,33,14.8,56,0.71,1.02,0
232,55,0.3,431,1326,2,11.4,12,0.89,1.3,1
166,50,0.35,1377,847,19,7.8,32,1.39,0.42,0
191,10,0.04,2213,829,46,15.0,28,0.61,1.56,1
105,21,0.12,1085,1065,20,13.9,55,2.05,3.44,0
64,36,0.46,403,852,42,10.1,28,1.96,1.22,0
30,12,0.31,1361,894,41,13.3,46,0.45,3.08,0
69,27,0.13,478,1253,42,13.2,25,1.21,2.97,1
93,40,0.35,2741,1488,29,14.3,4,1.96,3.34,0
179,2,0.3,2980,1943,6,13.4,26,0.91,2.79,0
89,54,0.26,1570,1308,17,11.4,36,1.62,2.34,1
93,13,0.49,1690,904,25,11.1,50,0.22,3.01,0
122,53,0.34,1342,757,38,9.7,3,1.56,0.36,0
101,32,0.19,1866,1893,4,11.3,1,0.47,1.67,0
40,31,0.4,2563,1153,30,13.0,17,2.09,3.46,0
134,16,0.44,1351,1720,20,14.7,7,0.95,2.72,0
43,32,0.07,804,71,3,9.7,48,0.78,3.37,0
89,32,0.11,1535,1550,23,10.7,5,2.12,2.75,0
59,34,0.12,909,892,18,9.4,19,0.22,3.07,0
64,11,0.35,2836,1513,26,11.7,39,1.05,2.5,1
242,10,0.31,1948,1810,36,11.3,46,0.99,2.69,0
194,15,0.31,1213,1643,8,5.2,34,0.78,1.88,0
34,17,0.47,565,1166,17,10.4,35,2.29,3.24,0
112,40,0.39,404,241,31,5.9,49,1.9,2.91,0
152,18,0.07,1316,1068,37,5.3,16,0.25,2.97,0
107,55,0.18,2026,1176,45,12.9,40,1.82,2.39,0
183,9,0.22,2907,445,33,7.6,50,1.37,1.14,0
91,25,0.2,2774,1080,27,8.4,47,2.26,0.22,1
161,40,0.34,1049,689,45,5.6,39,0.85,3.28,0
118,59,0.45,2208,1068,4,6.8,27,1.48,2.09,0
71,14,0.16,175,616,22,12.7,41,1.3,1.11,0
118,58,0.28,570,280,26,9.9,38,1.27,0.61,0
175,25,0.4,1394,923,32,13.8,50,1.19,2.92,1
69,50,0.21,2026,623,24,9.0,50,0.59,2.94,0
101,22,0.09,2693,289,46,7.7,25,1.91,2.87,0
68,52,0.24,1410,139,35,8.5,26,1.18,2.29,0
133,30,0.04,2434,281,37,12.1,56,2.4,1.34,0
43,20,0.47,1158,506,32,10.6,14,0.73,1.13,0
61,21,0.05,368,282,7,14.0,14,1.74,0.13,0
208,44,0.22,1660,403,33,11.0,14,2.36,2.93,0
154,32,0.27,2109,1054,31,9.9,25,1.69,0.4,0
195,51,0.49,2658,1406,12,12.9,36,2.19,2.24,0
126,46,0.09,812,488,11,14.5,4,2.09,1.81,0
52,49,0.07,2832,1448,24,8.6,47,0.96,1.89,0
92,56,0.01,1139,1365,8,7.5,15,1.54,3.25,0
172,21,0.09,338,394,32,11.2,32,0.48,0.21,1
254,35,0.11,404,713,38,10.0,18,1.39,2.73,0
182,58,0.32,217,1501,22,14.9,14,0.65,0.28,1
174,32,0.12,765,706,34,9.6,58,1.88,0.23,0
254,30,0.02,2533,179,19,5.7,1,1.37,1.56,1
223,55,0.42,2868,190,20,14.8,42,1.09,0.31,0
235,39,0.19,1023,464,14,13.4,20,0.75,2.78,0
82,49,0.18,2497,1166,33,6.8,10,2.5,1.9,1
133,12,0.16,1775,675,10,14.0,10,0.27,0.2,1
133,41,0.49,506,333,16,8.4,59,0.2,0.24,0
208,47,0.09,405,1996,4,8.8,24,0.62,2.18,0
68,18,0.45,1157,1728,27,14.1,34,2.43,2.84,0
208,21,0.39,2550,272,28,10.3,28,2.45,1.59,1
227,13,0.05,1905,793,43,6.4,27,1.67,1.99,0
163,21,0.49,2721,512,16,8.7,40,2.21,2.82,0
96,8,0.14,2953,1618,33,12.2,1,0.61,2.18,1
164,46,0.06,433,1349,48,6.7,33,2.43,0.86,1
208,40,0.42,248,1755,19,10.9,4,0.44,2.18,0
229,46,0.36,346,1213,21,12.0,7,0.34,2.24,0
71,7,0.31,2679,406,22,8.4,9,0.37,2.6,1
221,23,0.09,1027,1786,9,11.9,16,1.48,2.21,0
44,44,0.24,2018,1096,9,13.8,5,1.97,3.4,1
140,32,0.39,2812,1809,9,9.7,34,0.98,0.77,0
186,11,0.16,2815,1953,27,8.8,23,2.45,3.33,0
62,22,0.16,1538,1343,17,7.5,43,1.14,1.93,0
251,22,0.01,2565,908,44,11.0,50,0.46,2.38,0
184,43,0.1,719,714,45,13.8,25,1.22,0.44,1
193,25,0.44,2787,1406,8,8.2,57,1.73,1.39,0
186,22,0.23,1215,1064,16,9.0,51,2.1,2.72,0
67,28,0.49,571,134,18,9.1,13,1.2,2.5,0
214,29,0.2,1354,670,33,10.6,24,1.52,0.24,0
126,13,0.36,694,1104,1,7.3,11,0.74,1.96,0
184,18,0.15,220,1814,12,13.2,52,1.65,0.4,0
212,2,0.19,1373,289,6,8.0,51,2.47,3.49,0
62,29,0.1,917,1963,41,12.1,17,0.22,3.15,1
225,21,0.18,2504,412,5,10.1,37,2.23,0.17,1
115,15,0.28,1856,871,16,10.9,13,1.45,3.02,0
95,52,0.5,2574,1462,18,6.8,27,0.71,3.23,0
39,27,0.34,804,1726,49,12.4,20,2.39,1.3,0
34,50,0.11,2875,717,18,6.9,33,1.26,2.55,0
152,31,0.03,2596,1372,1,6.1,42,0.9,1.6,1
103,15,0.07,1946,1930,19,10.5,32,0.54,2.33,0
126,51,0.29,370,1444,8,12.1,8,0.69,1.26,0
147,23,0.38,331,148,3,5.5,56,2.1,1.2,0
67,24,0.47,456,96,25,5.7,29,1.57,1.54,0
170,44,0.02,2719,888,5,13.0,40,2.29,0.59,0
188,13,0.27,1569,471,40,13.1,19,0.66,2.93,0
76,22,0.24,1163,1553,19,7.5,6,0.39,1.29,0
138,43,0.33,2201,1652,18,11.2,44,0.11,1.46,1
245,37,0.28,997,111,31,9.4,39,1.32,3.14,1
209,33,0.35,953,1182,33,11.3,48,2.5,1.79,1
213,56,0.33,364,1752,47,13.6,41,1.77,1.95,1
44,3,0.07,1593,1622,18,5.8,21,0.84,3.35,0
186,54,0.4,250,1192,39,12.8,57,2.2,3.11,1
165,19,0.07,722,1059,16,9.9,22,1.98,0.68,0
34,23,0.35,1482,647,16,10.6,42,0.14,1.71,0
186,29,0.21,807,1455,47,11.5,10,2.06,3.4,1
76,30,0.26,1683,441,38,14.2,10,0.82,1.37,0
97,39,0.45,1806,1026,41,5.6,52,0.46,1.36,1
105,44,0.45,375,1125,7,5.3,29,0.64,0.76,0
202,47,0.41,254,652,14,6.8,16,1.22,0.49,1
159,25,0.26,2147,1362,43,14.9,1,1.12,2.62,0
184,37,0.37,921,386,48,12.2,17,0.79,2.72,0
124,47,0.26,578,859,25,11.1,30,0.51,3.39,0
144,8,0.44,583,1277,32,5.5,26,1.93,2.73,1
193,42,0.21,1380,1953,38,13.8,53,2.48,0.93,0
65,58,0.49,2879,1311,22,13.1,46,1.97,0.24,0
55,16,0.47,2785,1455,16,11.6,19,0.81,3.45,0
72,8,0.37,1015,1740,29,8.4,53,0.69,1.26,0
56,1,0.15,2943,801,16,5.7,21,0.62,1.16,0
98,44,0.07,2565,1209,12,10.8,17,0.43,3.18,0
177,5,0.43,400,1480,17,12.2,46,1.42,2.09,1
40,3,0.09,1005,1581,37,5.9,40,1.55,0.83,0
103,1,0.43,1343,1435,27,11.3,21,1.79,3.12,0
133,4,0.25,710,1454,25,7.9,53,1.73,3.48,0
67,40,0.21,1619,930,13,12.6,41,0.8,0.39,0
163,35,0.45,2491,1649,8,10.4,40,0.89,3.03,0
229,32,0.31,1068,684,5,6.3,45,1.74,1.43,1
52,42,0.29,1323,303,12,10.3,49,0.94,1.88,0
76,34,0.28,582,1550,41,9.0,19,0.61,3.21,0
119,43,0.19,2256,1187,3,6.8,7,1.0,3.41,0
75,25,0.39,1118,69,35,13.4,17,0.75,0.99,0
136,10,0.13,985,577,33,5.1,1,0.31,0.82,0
169,21,0.47,2396,1218,22,8.1,37,2.09,0.37,0
247,46,0.45,2412,1281,44,5.1,57,2.15,2.01,1
170,39,0.18,1047,1604,9,6.0,6,0.63,0.15,0
133,27,0.37,621,425,41,8.0,26,0.26,1.5,0
219,27,0.29,396,1577,18,5.5,2,1.87,0.35,0
239,2,0.18,2579,1977,29,11.0,59,0.61,1.48,0
246,41,0.49,1140,215,39,5.9,32,1.04,0.24,1
254,48,0.02,1076,1623,27,12.0,57,0.25,2.94,0
140,13,0.13,1341,1254,36,5.5,48,0.64,0.81,1
133,9,0.26,2757,910,45,5.6,54,2.0,1.22,0
89,52,0.27,1224,666,17,8.1,5,2.03,3.06,0
200,36,0.3,1984,661,34,14.0,37,0.6,2.64,0
233,22,0.38,838,1675,46,11.4,31,0.91,0.84,0
129,42,0.32,2577,1885,3,12.7,12,0.42,0.34,0
97,26,0.3,2671,1517,5,6.4,35,0.28,2.53,0
162,58,0.04,2894,1405,14,13.3,30,2.48,1.43,0
149,54,0.19,1634,552,3,5.1,48,1.67,2.7,0
66,12,0.12,1109,962,23,7.1,6,1.4,1.61,0
101,17,0.14,627,128,39,11.2,15,1.94,1.28,0
156,14,0.28,856,634,30,8.8,15,2.12,1.63,1
135,14,0.11,1287,737,45,14.8,16,2.04,2.65,0
121,57,0.15,903,445,23,5.3,20,0.14,3.17,1
60,34,0.13,2700,1681,27,15.0,13,0.55,0.27,0
151,53,0.47,1809,1930,10,11.2,44,1.67,1.88,0
166,57,0.47,737,1176,25,10.6,42,1.0,0.21,0
80,20,0.31,1484,451,13,5.6,46,2.46,1.69,0
58,11,0.46,1642,1024,16,7.7,31,1.7,3.11,0
235,16,0.4,1997,273,41,14.2,34,2.4,1.33,0
69,51,0.3,2905,567,34,8.5,29,0.58,3.27,0
70,31,0.01,356,683,37,11.6,3,2.17,2.24,0
243,55,0.39,2348,285,22,15.0,9,0.87,3.28,1
40,6,0.35,2865,1500,17,7.6,11,2.47,2.67,0
180,56,0.31,2725,165,23,10.8,11,0.48,0.45,0
30,19,0.38,314,1236,36,12.0,25,1.34,0.89,0
75,37,0.26,2148,275,49,6.6,22,2.0,1.44,1
130,58,0.36,2234,279,9,6.5,42,1.14,0.68,0
178,4,0.47,482,231,2,9.6,58,1.22,1.78,0
119,47,0.19,552,1322,32,8.9,46,2.47,1.7,1
139,4,0.36,563,1391,22,12.1,9,1.12,3.35,1
193,20,0.24,194,259,43,5.7,20,1.55,1.57,0
211,10,0.34,2403,1729,13,14.7,59,0.23,2.77,0
244,24,0.38,211,1465,8,5.1,21,2.12,3.3,1
86,54,0.03,2617,1930,1,11.0,10,1.66,3.08,1
30,35,0.33,1017,145,17,10.6,22,1.07,0.81,0
92,26,0.12,1641,943,12,6.3,29,0.14,1.79,0
211,37,0.34,168,1931,4,6.5,9,1.52,1.28,0
84,38,0.24,514,805,13,12.9,5,0.13,1.46,0
144,21,0.39,2625,1159,31,13.9,40,0.1,1.33,0
197,54,0.07,1290,464,41,7.8,11,1.58,2.91,0
172,40,0.32,729,443,7,9.4,1,0.55,1.64,1
178,39,0.15,695,745,23,8.5,53,0.56,1.88,1
204,21,0.43,1879,1706,24,5.7,42,1.67,3.44,0
230,10,0.46,2522,893,5,11.7,1,0.23,0.3,0
82,38,0.5,204,1574,5,13.3,58,0.85,1.76,0
166,46,0.4,927,653,17,8.0,54,0.46,2.73,0
231,4,0.38,191,631,30,14.9,39,1.49,0.61,0
209,57,0.12,1470,1989,9,5.8,46,1.69,2.18,0
86,45,0.17,380,182,6,11.6,5,1.83,0.91,0
146,20,0.24,602,840,25,9.5,49,0.71,3.05,0
183,17,0.39,2591,698,19,9.5,22,0.31,1.21,1
198,55,0.46,1695,1387,16,9.6,26,0.29,1.22,0
64,7,0.1,1531,1772,21,7.6,53,1.12,2.13,0
92,4,0.46,1617,270,2,12.2,6,2.37,0.72,1
54,29,0.35,1301,1025,10,12.2,32,0.62,1.07,0
119,14,0.31,2888,1511,16,7.8,48,0.72,1.52,0
104,3,0.11,2589,1119,37,13.4,11,0.34,1.3,0
67,24,0.04,1366,1863,15,8.2,10,1.55,1.88,1
159,37,0.29,2801,1265,13,12.3,47,1.73,2.14,0
164,16,0.33,1030,1593,13,6.2,39,1.64,2.03,0
239,58,0.11,234,1452,32,6.7,55,2.17,2.32,0
248,55,0.28,1203,837,45,8.2,34,1.27,1.15,0
191,52,0.43,198,740,47,10.9,31,0.42,0.53,0
120,4,0.42,1318,1407,46,11.5,12,0.79,2.69,0
46,56,0.46,218,88,8,9.0,51,1.69,2.99,1
157,24,0.19,2894,1366,43,5.8,44,1.57,0.97,1
200,34,0.17,2676,739,18,8.7,16,1.37,1.48,0
216,30,0.38,1851,211,36,11.9,38,1.74,1.8,0
137,18,0.22,1748,1404,26,11.7,3,1.63,1.91,0
208,19,0.05,2344,1959,10,6.6,2,2.22,2.34,1
211,31,0.15,2019,1177,31,5.1,52,1.51,0.24,0
181,19,0.22,1165,210,33,12.5,5,1.97,2.55,0
54,49,0.15,2806,1872,29,6.1,11,0.7,0.31,1
228,46,0.17,595,1708,5,5.8,58,1.73,1.69,1
209,19,0.15,2418,1127,13,5.0,25,2.27,2.91,0
227,22,0.03,1551,1107,1,9.3,35,1.03,1.63,1
117,24,0.32,2292,291,23,10.0,35,1.97,0.61,1
190,45,0.3,411,1016,40,11.4,22,1.84,3.45,0
206,12,0.33,1998,939,3,8.0,37,0.24,3.12,0
58,30,0.1,1046,162,3,12.1,22,1.5,2.72,1
92,58,0.15,1244,1063,7,6.7,55,0.41,1.5,0
179,38,0.31,2416,367,36,13.3,11,2.42,0.73,0
183,53,0.3,1706,72,35,10.7,32,2.05,3.3,0
185,31,0.26,241,1631,15,10.8,35,0.36,1.91,1
143,36,0.18,276,873,40,7.1,31,0.39,3.0,1
242,19,0.46,229,1720,3,5.7,45,1.53,1.26,0
78,48,0.18,1997,1191,29,9.6,53,0.93,1.24,1
228,45,0.23,1132,750,30,11.2,8,0.18,3.45,1
110,36,0.34,1065,1716,39,6.0,20,1.4,1.87,1
113,30,0.28,2683,1068,18,14.5,42,1.03,0.58,0
134,55,0.18,843,1285,11,14.8,34,0.34,0.85,0
206,49,0.22,174,1491,43,10.5,4,2.02,1.74,0
177,55,0.4,305,1186,49,14.5,18,2.3,0.24,0
147,33,0.15,2829,1117,38,6.8,51,1.92,1.67,0
115,18,0.08,1962,177,40,5.3,4,2.07,1.52,1
249,52,0.16,1703,925,1,5.4,20,0.62,2.75,0
92,49,0.43,2116,207,29,10.9,58,0.73,1.31,1
218,59,0.05,1883,1858,10,5.6,9,0.6,3.44,0
133,28,0.5,1230,876,28,14.6,16,1.94,0.71,0
78,59,0.28,1778,1467,31,6.4,26,2.38,2.11,0
100,47,0.49,168,1940,19,8.0,38,1.82,0.4,0
30,11,0.47,1557,901,3,13.2,25,2.22,2.6,0
253,57,0.23,1366,561,36,7.2,4,1.63,3.48,1
170,54,0.11,2434,1987,43,7.4,41,1.03,2.89,0
251,45,0.09,1560,94,15,11.4,59,1.12,1.99,0
244,33,0.13,426,1181,33,7.8,45,0.28,1.75,0
208,17,0.36,894,268,41,7.2,41,0.18,2.94,0
152,6,0.14,701,492,43,7.5,38,1.77,3.28,0
213,4,0.18,1326,1903,45,9.9,53,1.15,3.46,0
240,20,0.23,788,364,26,14.7,19,1.43,1.45,0
91,48,0.46,386,226,16,13.3,14,1.44,3.47,1
61,47,0.1,1147,277,36,7.8,21,0.77,0.63,0
187,27,0.01,2252,1776,33,8.6,15,1.24,0.96,1
58,15,0.04,2153,1745,20,9.6,3,1.23,0.4,0
78,6,0.45,1609,1979,13,14.8,37,1.03,1.02,1
202,47,0.33,2881,316,33,6.7,53,2.07,2.71,0
250,14,0.14,2306,919,5,8.6,50,1.18,3.0,0
59,11,0.1,1357,887,37,12.3,46,1.55,2.75,0
173,39,0.15,1541,1452,14,14.6,16,2.25,2.25,1
197,9,0.07,2156,538,27,6.6,14,2.18,1.85,0
48,26,0.47,1371,751,23,7.3,9,2.24,2.51,0
47,16,0.39,1544,736,14,7.3,47,0.75,1.43,0
30,5,0.24,522,1363,40,5.2,7,0.18,2.96,0
107,57,0.43,1670,1045,4,11.0,14,0.73,2.4,0
144,52,0.13,2398,406,39,11.7,6,0.77,2.47,0
204,10,0.36,998,1730,19,11.0,21,2.28,1.92,0
223,50,0.43,2706,1817,47,5.7,15,1.66,3.11,0
249,3,0.18,1495,921,4,5.7,52,0.3,0.96,0
142,13,0.38,2472,253,30,7.1,8,0.42,1.4,0
143,43,0.15,2408,1286,19,7.9,34,0.47,2.74,0
251,49,0.16,653,601,31,12.9,40,1.61,1.78,1
195,30,0.06,852,1860,31,6.6,1,1.86,3.12,0
208,54,0.23,2239,372,9,5.4,32,2.16,1.28,1
92,45,0.37,464,643,13,8.9,58,2.36,1.36,0
161,6,0.47,2985,230,14,9.2,49,0.58,3.12,1
158,17,0.31,2526,548,46,9.5,51,0.84,1.68,0
37,59,0.43,1190,1393,10,13.3,5,0.68,1.85,0
186,45,0.41,432,132,48,6.0,30,0.96,1.23,0
84,51,0.09,407,352,31,12.0,22,2.3,1.04,1
132,53,0.25,724,311,37,8.4,20,1.48,2.33,0
160,19,0.07,723,833,23,8.1,16,1.87,0.51,0
61,42,0.34,2809,1273,27,14.3,7,1.28,3.09,0
39,35,0.48,1192,1313,6,7.5,7,0.17,2.75,0
231,46,0.08,1702,963,26,11.4,50,0.25,0.75,0
240,26,0.37,572,741,2,7.8,50,1.39,2.46,0
139,51,0.32,1639,993,45,10.1,2,1.83,2.15,0
191,5,0.3,1546,732,13,12.9,47,0.62,0.73,0
153,29,0.2,907,1368,19,13.8,14,1.83,1.03,1
254,37,0.18,2960,1585,1,13.4,31,2.05,1.49,0
116,20,0.03,1254,738,40,10.8,50,1.09,2.48,0
84,49,0.12,1724,1954,32,7.5,41,1.89,2.27,1
249,21,0.02,2621,445,22,11.6,14,1.07,1.91,0
61,10,0.29,578,1822,48,12.1,5,1.73,2.71,0
207,5,0.06,2171,1211,29,5.1,11,1.93,2.68,1
164,36,0.44,353,888,2,9.4,40,2.48,2.2,0
122,6,0.27,2393,927,40,13.4,5,0.93,2.78,0
37,26,0.35,2925,872,38,9.9,29,1.09,1.24,1
94,4,0.21,2482,1202,48,8.1,11,0.5,3.1,1
86,39,0.28,2142,98,11,13.7,5,0.59,2.19,0
96,39,0.47,2393,1749,17,6.6,49,1.76,2.9,0
245,50,0.05,456,838,43,7.1,54,2.3,1.96,0
244,35,0.13,1837,342,8,11.9,32,1.05,0.84,0
216,1,0.39,163,1701,22,8.5,36,0.53,1.94,0
101,24,0.06,2010,585,4,12.1,15,0.78,1.36,0
83,57,0.05,2111,360,11,6.6,19,1.19,2.47,1
96,36,0.19,1230,586,8,7.5,22,0.8,1.72,1
80,6,0.06,872,1976,9,6.6,34,0.66,2.94,0
126,41,0.3,929,688,26,14.5,56,1.87,2.41,0
121,54,0.12,1383,283,2,9.1,17,0.12,2.43,0
37,46,0.45,678,1282,16,8.4,12,1.39,0.84,0
191,44,0.39,947,654,31,5.1,25,2.01,3.45,0
64,57,0.35,493,143,6,6.5,56,0.74,2.96,1
125,31,0.31,1452,376,21,9.2,17,1.55,2.78,0
117,20,0.43,358,274,26,5.7,10,1.71,1.22,1
107,24,0.12,790,1016,19,10.1,28,1.67,1.92,0
61,25,0.44,1461,939,28,9.6,57,1.17,0.57,0
149,36,0.4,2449,1865,8,12.7,18,0.93,1.93,0
75,21,0.38,2468,60,14,11.6,51,2.11,0.6,0
173,30,0.29,2097,1402,24,9.5,18,1.92,1.98,1
225,24,0.13,1069,1085,48,7.2,45,0.87,2.31,1
194,44,0.22,1873,84,44,12.3,32,0.35,1.43,0
211,42,0.4,2194,496,37,12.1,14,0.27,1.8,0
242,30,0.03,568,1525,26,6.5,56,0.33,3.08,0
171,22,0.39,1899,1813,31,14.1,16,1.5,0.47,1
252,28,0.13,2992,1293,32,5.6,50,0.22,2.79,1
84,7,0.08,1538,490,41,5.6,58,0.91,0.68,0
205,35,0.07,1249,702,2,6.9,18,1.91,0.22,0
239,55,0.02,2922,1608,25,14.1,16,0.81,0.73,0
36,28,0.27,2630,644,44,10.2,17,1.93,2.7,0
103,14,0.12,2306,278,2,12.9,7,1.89,1.48,0
36,56,0.49,2838,393,42,7.3,12,0.69,3.07,0
190,10,0.29,1695,1153,1,9.9,34,1.85,1.88,1
180,16,0.08,1220,1426,36,8.6,10,1.89,0.18,0
114,16,0.35,2576,1469,12,13.3,5,1.05,2.54,0
176,54,0.45,2000,1363,9,5.2,21,0.61,0.47,1
141,31,0.38,1269,1528,36,7.4,3,1.35,2.78,0
154,42,0.05,1107,1916,41,6.5,19,2.31,0.67,0
176,25,0.45,252,1744,28,13.6,45,1.64,1.27,0
65,13,0.4,1319,1038,38,9.7,44,0.52,2.69,0
58,6,0.09,2053,1201,33,9.0,35,1.74,3.34,0
217,44,0.04,1905,1775,42,9.5,6,1.13,1.36,0
111,9,0.28,2727,958,46,14.7,14,1.52,2.92,1
31,45,0.09,828,1616,22,13.5,4,1.86,0.75,0
158,36,0.42,2118,1971,25,12.1,45,1.34,2.84,1
76,56,0.19,1138,1432,18,7.9,51,2.05,2.34,0
226,43,0.46,1255,576,6,6.7,18,1.83,0.76,1
177,20,0.29,2625,1386,18,14.2,29,1.58,1.13,0
40,18,0.1,1757,124,16,9.2,35,0.46,0.55,0
159,58,0.08,1652,1619,15,7.8,52,2.11,1.4,0
224,43,0.29,1939,1944,48,9.7,38,2.35,0.79,0
244,57,0.38,1335,245,8,14.2,16,0.43,2.29,0
148,21,0.39,1081,1916,13,8.9,20,1.27,3.48,1
169,4,0.15,1575,78,43,10.6,24,0.72,0.14,0
49,50,0.11,1211,755,7,13.0,35,1.91,1.94,0
34,33,0.02,2128,1070,17,9.3,44,1.83,2.05,0
66,27,0.34,2708,65,32,7.3,51,0.44,3.21,1
195,7,0.05,2590,1496,22,14.9,19,2.2,1.82,0
251,6,0.22,2192,1662,13,14.6,56,0.53,1.95,1
166,15,0.3,2910,854,47,13.4,4,2.01,1.7,1
82,18,0.47,2691,1666,23,11.9,33,1.2,1.01,0
201,32,0.16,1428,1478,29,7.9,2,0.89,0.29,0
128,56,0.13,1352,989,22,14.1,13,0.48,1.49,1
115,11,0.33,2744,1709,1,7.8,58,0.5,0.28,0
137,20,0.31,743,1604,29,13.0,45,1.69,1.97,0
53,24,0.17,2586,1016,48,14.2,30,1.42,1.14,1
110,15,0.46,1571,1687,5,11.0,34,0.39,1.91,1
231,48,0.42,2355,1977,35,13.0,30,0.37,0.56,1
187,7,0.12,1177,1150,10,12.9,51,0.27,3.27,0
149,21,0.13,2364,278,19,6.9,54,1.89,3.14,0
88,42,0.26,1109,1011,37,11.7,24,1.81,0.75,0
244,26,0.39,2606,1370,7,5.9,48,0.24,1.27,0
157,44,0.03,2391,1583,46,10.1,44,1.44,2.19,0
253,56,0.35,2432,764,35,6.6,33,0.3,0.43,0
238,14,0.33,2915,1033,45,9.2,41,2.27,1.31,0
143,57,0.12,1323,622,13,13.3,49,2.28,0.95,1
144,37,0.34,965,1611,10,14.9,10,1.78,3.21,1
238,58,0.47,553,1656,2,8.2,18,2.32,3.0,1
43,21,0.03,1042,664,6,10.3,19,2.05,2.07,0
38,18,0.17,2875,375,8,10.1,7,2.09,1.87,0
69,5,0.22,217,1436,36,14.5,57,1.47,3.26,1
223,3,0.45,237,1742,25,9.8,19,0.83,3.27,0
54,23,0.48,2414,924,44,12.0,24,0.62,3.4,0
132,26,0.23,2198,408,47,14.2,15,0.89,0.53,0
230,37,0.38,1308,1779,40,8.7,41,1.61,0.65,0
51,24,0.27,1870,1860,7,14.0,42,0.51,2.4,0
33,49,0.27,1524,373,46,14.2,23,0.72,1.94,1
183,19,0.15,2337,1771,23,14.3,52,1.22,0.16,1
215,51,0.12,2815,1399,19,7.7,52,0.66,0.31,0
58,25,0.15,2330,1698,46,9.0,4,1.51,3.12,0
138,21,0.28,1793,1898,22,13.7,38,2.32,3.05,1
127,12,0.02,327,214,13,8.6,4,1.9,1.31,0
244,57,0.45,1531,1646,21,11.0,5,1.7,3.13,0
66,41,0.09,2577,1677,1,6.2,41,1.5,2.12,1
104,33,0.12,1057,847,19,5.6,44,1.27,2.84,1
99,50,0.26,2855,504,33,9.1,23,0.55,1.55,1
175,53,0.36,2647,1226,4,10.8,40,2.25,0.49,0
157,4,0.06,735,1810,42,8.9,53,0.7,1.57,0
114,42,0.17,2660,1200,3,10.8,37,0.32,1.65,1
71,57,0.48,1139,242,27,10.2,11,1.9,1.97,0
129,7,0.14,1281,676,41,11.9,55,0.52,0.46,1
70,22,0.16,2319,1847,35,11.5,11,0.99,3.47,0
195,55,0.42,2214,579,28,9.2,13,0.17,0.93,1
63,33,0.03,1369,1083,6,9.2,14,0.43,0.78,0
46,17,0.24,2524,141,6,6.4,8,0.52,1.89,0
194,24,0.2,467,188,44,10.1,25,0.23,1.93,0
182,34,0.17,1652,530,23,10.9,18,1.68,1.6,0
151,28,0.15,2184,498,33,9.8,51,2.11,2.72,0
105,58,0.05,2192,1406,16,8.3,44,1.0,1.86,0
116,43,0.16,652,918,24,12.2,44,2.2,2.17,1
146,41,0.03,2172,389,5,5.7,18,0.61,2.56,0
135,39,0.39,268,1125,41,14.1,10,0.88,0.19,0
115,22,0.21,859,1780,42,5.2,7,0.46,2.04,0
242,49,0.23,194,515,13,14.6,50,1.59,3.11,1
56,17,0.45,463,767,47,9.6,44,1.11,0.16,0
86,34,0.33,567,848,12,9.1,14,1.57,1.48,0
60,6,0.01,2753,524,5,7.6,15,1.93,3.25,1
163,46,0.47,1251,450,37,5.1,16,1.41,1.3,0
248,6,0.13,475,1512,31,7.7,2,1.61,1.66,0
197,34,0.06,1589,1951,28,6.1,30,2.34,3.44,0
127,1,0.39,2136,654,28,11.6,30,0.82,0.78,1
41,10,0.26,2712,981,30,8.2,18,0.96,0.32,0
82,21,0.22,2411,1046,18,12.7,31,1.82,3.02,1
228,5,0.13,223,971,44,7.1,44,1.57,3.05,1
167,2,0.28,1752,870,27,14.0,48,0.53,1.71,0
202,22,0.14,658,706,35,10.2,13,1.0,1.85,1
174,48,0.45,2529,647,26,6.1,20,1.22,2.94,0
183,57,0.12,837,1582,39,9.0,49,1.11,2.61,0
242,2,0.44,806,1226,49,7.1,50,0.53,1.0,0
249,10,0.28,1692,563,18,7.0,35,2.32,0.16,1
219,34,0.42,1442,1576,33,10.1,23,1.93,1.73,0
151,16,0.36,1549,1927,25,11.7,42,1.26,3.02,0
75,48,0.35,2797,1974,31,14.1,33,1.73,3.15,0
93,51,0.17,1702,1845,37,10.0,38,2.25,3.35,0
159,39,0.12,1225,1749,2,14.7,35,0.43,3.09,0
83,22,0.11,474,1079,33,14.4,51,0.7,2.07,0
136,12,0.43,1141,549,39,13.7,36,1.4,1.61,0
222,24,0.41,2143,1734,43,10.0,20,2.02,2.73,0
80,47,0.23,866,766,43,6.4,55,0.19,2.62,0
210,40,0.07,2920,1191,32,7.2,3,2.46,1.93,0
65,38,0.2,426,1558,18,11.5,8,1.19,0.4,1
144,59,0.31,2733,650,17,9.2,40,0.96,3.25,1
55,10,0.23,301,715,34,6.5,59,0.8,1.65,0
58,35,0.39,1104,1752,39,9.8,32,0.52,1.34,0
178,51,0.5,1656,517,7,5.2,29,2.0,2.24,1
40,49,0.1,408,210,42,12.3,7,2.39,2.39,1
69,32,0.24,2521,319,35,5.7,2,1.09,0.82,0
40,7,0.22,1018,1129,30,11.3,21,2.39,2.95,0
193,21,0.16,1341,277,12,12.9,6,2.08,1.09,0
142,20,0.11,837,898,35,6.3,28,1.25,0.73,0
216,26,0.04,459,198,11,10.2,48,1.72,1.48,0
68,4,0.44,1652,1119,44,12.8,42,1.14,2.58,1
83,46,0.22,2817,1217,4,7.6,36,1.44,3.38,0
127,52,0.25,622,1823,25,6.6,32,0.24,2.85,0
84,22,0.46,2658,1857,48,8.4,45,1.77,3.3,1
140,15,0.39,963,681,32,10.5,42,0.23,0.58,1
181,56,0.07,995,1413,20,10.8,53,2.06,0.34,1
179,40,0.29,1314,462,31,6.3,46,2.08,2.0,1
98,21,0.23,816,1805,4,9.6,9,0.67,1.09,0
85,15,0.4,2459,569,38,7.7,11,0.88,2.92,1
62,22,0.36,1958,1417,47,13.4,23,1.26,2.38,1
65,52,0.35,1593,436,1,8.1,50,1.53,3.4,0
177,28,0.18,1917,1546,3,13.4,11,0.79,0.97,0
240,14,0.4,1414,324,37,9.3,49,1.52,1.75,0
110,27,0.04,504,402,22,12.3,2,0.81,1.8,1
219,41,0.09,2022,1139,17,10.1,3,0.23,0.91,0
138,40,0.17,2174,1152,14,11.2,11,0.11,2.11,0
230,58,0.05,2967,647,41,9.0,50,0.34,1.61,0
183,28,0.13,329,1709,35,12.7,59,2.0,1.62,0
223,26,0.42,215,1275,13,9.3,35,2.41,1.33,0
102,49,0.47,969,1735,35,9.6,58,1.12,0.16,0
230,2,0.16,1521,607,43,10.2,15,1.33,1.88,1
69,25,0.14,320,162,2,13.3,43,0.45,1.24,0
46,56,0.15,2671,1164,47,11.6,11,1.42,0.1,0
158,3,0.15,2731,190,13,8.5,31,0.45,1.15,0
246,8,0.03,1540,1362,16,11.7,28,1.57,1.05,0
90,44,0.46,1280,1974,18,11.4,28,2.34,1.44,0
200,33,0.11,2636,779,7,14.3,32,0.57,0.55,0
133,42,0.22,984,638,45,13.4,25,1.93,1.83,0
71,52,0.01,376,460,36,11.5,20,0.16,2.45,0
54,35,0.43,591,426,41,8.4,28,1.0,2.24,0
68,6,0.37,2593,1457,30,12.8,25,0.37,2.83,0
64,39,0.47,877,1919,42,10.8,11,0.95,1.64,0
160,52,0.39,1754,1225,41,14.9,19,0.52,1.86,0
137,23,0.16,2281,1908,7,7.5,28,1.0,2.86,0
201,25,0.13,1186,800,15,5.8,1,1.1,1.55,1
208,59,0.35,1982,676,40,5.7,59,0.82,2.49,1
251,50,0.19,1998,1392,19,11.4,5,1.68,1.58,0
131,43,0.29,2890,1442,43,14.4,10,2.31,1.52,0
127,19,0.01,642,1679,37,5.0,42,1.06,2.68,0
41,5,0.04,1698,1044,2,12.3,46,0.56,0.69,0
48,51,0.27,1293,1633,42,11.6,34,0.75,1.25,1
130,11,0.29,1119,752,48,12.3,36,2.15,0.86,1
73,56,0.38,2550,511,13,8.6,2,1.47,1.32,1
216,12,0.07,2237,61,40,13.2,18,1.19,0.88,1
78,10,0.26,789,1229,41,5.4,13,0.46,2.07,1
218,8,0.11,322,1757,43,12.6,51,1.18,2.81,0
46,24,0.06,1720,526,43,7.7,5,0.77,2.77,0
103,28,0.21,408,988,31,9.8,20,2.36,1.34,1
86,41,0.09,666,450,16,13.2,2,2.22,3.46,0
84,36,0.12,2927,857,42,7.7,11,0.3,2.12,0
76,37,0.17,672,226,44,6.9,30,1.34,1.46,0
41,21,0.14,2067,1414,6,11.8,32,0.64,2.94,1
91,8,0.05,2314,106,28,10.3,32,1.09,2.58,0
109,55,0.05,2381,1928,32,10.1,58,2.2,2.65,0
245,9,0.1,2079,1925,44,7.6,50,1.37,0.77,1
112,47,0.03,1289,497,10,5.3,38,0.9,1.69,1
37,15,0.32,2359,252,18,9.1,55,0.6,3.03,1
252,48,0.15,2740,1770,4,6.1,28,2.02,1.81,0
178,46,0.15,988,1706,9,14.1,10,1.6,2.42,0
110,40,0.17,1239,787,7,5.4,22,1.22,2.1,1
244,18,0.33,1243,251,8,9.3,55,0.62,2.96,0
147,42,0.44,2644,1403,43,5.5,17,0.9,1.07,0
237,20,0.38,2613,412,7,6.0,22,2.4,2.06,0
227,6,0.37,2729,941,41,11.6,43,1.35,0.52,0
229,12,0.25,2638,503,40,11.5,19,1.06,2.45,0
54,2,0.35,2935,405,3,5.3,17,1.35,2.59,0
239,7,0.28,2119,265,17,5.0,24,1.97,0.25,0
118,16,0.12,2661,1021,2,5.8,36,0.92,2.4,1
41,3,0.11,2593,604,15,12.6,32,0.53,1.51,0
172,45,0.16,2908,936,46,10.8,58,1.5,0.52,0
88,3,0.46,1724,72,29,5.4,56,1.7,1.53,0
183,27,0.28,1730,204,48,9.9,58,1.81,0.76,0
138,50,0.37,2592,1259,22,12.1,46,2.22,1.51,1
55,43,0.18,2523,298,4,13.7,59,0.99,1.41,0
76,40,0.21,1264,798,6,14.3,52,0.28,2.61,1
61,38,0.07,899,854,38,8.3,36,2.4,2.73,0
39,33,0.09,1243,183,26,6.4,28,1.14,2.16,0
45,28,0.42,1339,370,11,7.4,14,1.6,0.18,0
228,1,0.3,2839,439,26,12.8,58,1.7,3.27,0
174,55,0.18,2411,483,17,14.7,36,1.41,2.43,0
180,8,0.4,2025,1095,24,9.7,6,0.59,0.22,0
55,37,0.13,1937,922,28,8.1,9,1.91,2.88,0
242,32,0.49,2566,1673,35,9.3,21,2.03,0.78,1
115,48,0.18,1757,1738,31,8.0,12,1.43,2.07,1
164,43,0.18,198,1198,13,7.6,58,1.27,1.69,0
43,37,0.16,1225,1152,35,10.9,30,0.37,1.53,0
108,4,0.07,1462,907,16,5.2,31,0.3,3.13,0
146,30,0.06,1799,100,15,7.6,40,0.91,1.59,1
36,6,0.33,2330,1801,43,11.6,56,0.85,0.36,0
166,46,0.44,2983,225,18,5.3,4,2.39,3.32,0
144,54,0.4,1339,919,47,5.8,31,1.98,3.23,0
205,19,0.08,1547,302,37,7.9,27,1.68,2.43,0
101,32,0.28,2570,1015,48,13.8,58,1.34,1.69,0
88,9,0.06,1978,1319,48,12.6,57,0.5,0.42,0
244,12,0.03,628,788,49,5.2,25,2.45,2.79,1
250,11,0.33,981,1179,41,10.0,5,1.0,0.36,1
111,46,0.27,2847,1266,27,7.7,6,0.36,0.33,0
252,55,0.05,1764,1389,35,11.5,5,1.29,1.93,0
251,16,0.03,831,351,45,12.2,51,2.2,0.64,0
145,1,0.49,2885,597,35,13.6,27,2.23,0.13,1
196,45,0.02,1473,765,28,9.8,8,0.13,1.54,1
175,55,0.23,231,828,39,14.9,9,2.23,0.57,0
216,53,0.26,236,317,38,14.8,15,0.75,0.65,0
132,21,0.07,2422,1243,9,13.8,36,0.19,0.36,0
46,30,0.09,2213,1059,12,10.7,57,2.13,0.8,0
43,13,0.18,971,600,15,9.0,41,2.17,2.53,0
188,34,0.38,312,1528,21,8.6,7,1.53,2.85,1
181,4,0.26,2711,1724,35,5.1,32,1.48,1.64,0
137,28,0.32,2547,1365,42,7.5,8,2.05,1.82,0
217,38,0.49,2082,1637,33,12.2,47,1.99,0.21,1
74,58,0.39,2878,1872,19,11.0,51,2.24,0.34,0
127,31,0.22,2000,1874,23,14.2,15,1.43,0.98,1
160,59,0.23,2010,1214,13,5.5,37,2.42,1.95,0
66,55,0.31,1265,1219,44,6.6,19,2.49,2.61,1
200,27,0.34,2378,1498,1,12.9,39,0.38,2.16,0
197,5,0.26,2940,363,29,8.6,6,2.14,1.43,0
247,25,0.33,2857,233,24,6.2,59,1.3,0.5,0
212,3,0.02,2032,1737,16,15.0,19,1.03,2.75,0
244,33,0.22,2690,762,25,12.9,57,1.57,1.34,0
137,4,0.15,1072,177,23,9.1,28,0.23,2.6,1
68,25,0.07,2325,1360,28,13.2,17,1.32,1.84,1
44,20,0.06,1599,1896,47,11.8,42,2.19,2.61,0
149,34,0.31,1732,1326,16,12.9,19,0.61,3.18,0
33,26,0.27,714,1851,43,13.2,31,1.12,3.23,1
122,5,0.13,2747,749,38,5.8,11,2.35,1.92,1
243,35,0.24,2650,435,11,11.2,15,1.13,1.84,0
182,28,0.25,620,1303,3,5.1,10,0.96,1.0,1
170,29,0.11,1137,320,15,5.4,43,1.16,3.28,0
239,9,0.33,2935,1844,1,14.0,23,1.35,1.66,0
190,52,0.39,2084,860,7,10.3,3,1.62,0.53,0
45,38,0.4,373,464,1,12.4,3,2.02,1.57,1
199,50,0.31,2351,247,49,13.4,18,1.19,0.53,0
137,6,0.26,2757,1396,32,14.5,25,2.06,1.81,0
155,19,0.04,500,1129,9,13.7,43,1.38,2.01,0
223,44,0.15,2078,880,29,9.8,20,0.91,1.25,0
84,57,0.06,498,1276,26,8.4,58,1.68,0.34,0
199,11,0.48,331,1856,23,6.5,29,1.82,3.31,0
63,2,0.08,786,1694,45,9.0,22,1.44,2.73,0
187,47,0.08,1167,677,43,8.7,50,0.24,2.95,0
42,44,0.45,2376,653,29,10.6,57,0.51,1.35,1
170,44,0.47,921,1211,38,11.7,15,0.78,2.69,0
47,9,0.39,1165,1495,33,14.8,39,0.78,1.75,1
189,21,0.01,2261,1888,7,12.3,10,1.72,0.78,0
125,24,0.01,178,1130,12,11.4,21,0.14,0.52,0
152,34,0.2,2569,1635,31,8.4,55,1.91,1.27,0
68,22,0.08,2294,1059,32,5.3,52,0.74,0.57,0
75,3,0.02,2043,120,20,7.9,29,0.84,3.49,0
58,12,0.24,1615,960,17,12.7,32,1.37,0.27,1
219,28,0.47,1376,1987,36,7.1,10,0.62,1.6,1
250,30,0.17,2218,643,3,12.1,13,2.22,1.64,0
91,26,0.33,2932,1445,1,10.8,47,0.3,1.12,0
214,48,0.33,1275,1690,27,6.7,23,1.17,2.04,1
45,21,0.13,215,649,47,7.6,50,2.14,0.61,0
213,28,0.33,2800,563,40,10.0,23,1.58,2.77,0
150,56,0.11,1284,1945,33,9.2,31,0.8,1.23,1
39,26,0.07,487,133,20,12.8,4,1.11,2.11,1
187,33,0.35,2320,1043,14,12.3,52,1.8,2.53,0
182,21,0.07,1878,1116,36,10.7,49,2.44,3.12,0
132,35,0.5,596,1739,5,13.2,3,2.24,2.94,0
113,52,0.1,2808,888,23,10.6,21,0.92,2.17,1
162,34,0.3,2868,655,45,14.6,53,2.5,1.42,1
94,41,0.21,2812,859,15,7.2,2,0.11,1.81,0
251,51,0.07,430,182,6,12.1,4,0.17,2.71,1
206,47,0.02,745,1468,33,8.7,1,2.08,3.08,1
32,18,0.32,2136,1138,19,7.8,15,0.58,0.45,0
202,58,0.41,2900,339,13,6.8,57,0.25,1.41,1
171,11,0.42,1224,425,29,10.5,33,0.67,2.74,0
149,57,0.25,359,818,6,7.2,6,1.12,1.57,0
187,23,0.39,275,516,15,7.0,7,1.85,1.23,0
97,48,0.34,641,1971,16,14.9,19,1.6,1.5,1
175,22,0.36,1119,1286,24,13.0,44,0.67,2.15,0
219,17,0.25,730,1221,23,12.5,1,1.31,3.5,0
66,5,0.32,2974,1646,48,12.9,39,2.32,1.78,1
182,44,0.4,2455,520,10,14.7,19,2.06,0.81,0
205,11,0.2,1361,198,41,10.7,45,0.88,0.65,1
222,30,0.4,379,137,41,7.2,26,2.46,0.24,0
210,15,0.3,338,1397,49,13.6,44,1.8,2.0,0
236,27,0.09,2207,1968,17,12.4,12,0.25,1.95,0
102,35,0.02,2873,445,49,9.1,22,0.18,0.8,1
172,33,0.19,651,839,44,9.7,13,0.5,2.46,0
78,20,0.28,2282,1477,45,9.1,28,1.85,2.62,0
150,16,0.42,198,1155,30,14.3,14,0.54,0.98,1
117,34,0.07,838,1714,44,8.4,22,1.33,1.27,0
225,2,0.4,536,1359,46,14.6,30,0.32,3.47,1
169,35,0.43,1119,1455,10,14.1,44,2.31,1.37,1
216,40,0.08,1155,914,19,11.3,20,0.93,2.69,0
66,56,0.43,2415,1865,29,10.8,44,2.28,1.64,0
90,28,0.5,1874,1343,2,8.7,27,2.37,2.8,0
200,47,0.37,2154,1365,36,5.2,38,0.11,2.71,0
153,39,0.39,2452,1526,19,6.3,59,1.21,2.37,1
227,6,0.5,2433,1788,7,12.5,42,0.16,3.01,1
68,9,0.31,1757,73,26,9.7,52,2.28,3.29,0
213,20,0.16,1939,1005,15,6.5,56,1.34,2.07,0
92,1,0.42,420,1936,47,7.6,41,0.28,0.91,0
75,8,0.31,272,360,38,14.5,34,0.36,1.46,0
117,55,0.29,2853,1534,3,8.7,39,1.02,2.68,0
40,23,0.13,1430,1281,38,14.1,41,2.36,2.31,0
91,3,0.38,1594,1865,16,8.0,57,1.76,0.7,0
106,4,0.05,408,1790,2,10.4,44,2.18,0.27,0
182,58,0.46,1097,713,31,5.2,37,0.98,2.42,1
228,25,0.17,2244,487,28,10.2,1,0.2,0.95,0
81,47,0.07,1012,1611,7,11.4,54,2.44,1.8,1
33,38,0.23,674,755,30,7.3,15,0.14,2.64,0
88,15,0.03,1037,1409,43,10.8,32,2.37,2.01,1
101,21,0.35,357,471,7,11.5,8,0.98,0.38,0
177,35,0.45,2944,1823,36,11.9,33,0.12,0.73,1
122,57,0.42,298,370,29,12.8,18,1.75,0.85,1
92,53,0.07,587,1570,24,8.1,45,2.45,0.98,0
83,53,0.07,2352,636,39,10.7,29,2.42,2.02,0
146,46,0.41,1871,996,4,14.8,32,0.49,1.81,1
139,52,0.46,507,1236,29,14.0,33,0.53,0.79,1
103,14,0.24,1390,1884,44,14.5,5,1.46,0.33,1
136,36,0.25,2080,1614,5,8.9,18,1.63,0.68,1
86,12,0.17,605,1238,29,12.9,48,1.87,3.45,0
247,17,0.45,2973,898,30,11.2,58,0.53,1.69,0
198,39,0.33,1782,1771,29,5.8,10,2.4,3.05,0
32,9,0.15,778,1639,26,13.2,36,1.63,2.99,1
149,35,0.16,635,1368,19,11.8,33,2.13,1.84,0
35,13,0.45,2730,91,26,7.0,23,1.4,2.5,0
34,15,0.02,349,1997,37,5.8,40,1.09,0.76,1
34,18,0.17,520,1358,27,13.4,5,2.45,2.44,1
83,51,0.28,1163,988,30,5.8,34,1.5,1.03,0
76,33,0.08,2132,436,30,5.9,24,2.18,2.93,0
244,6,0.06,1621,1211,3,9.3,17,2.39,0.38,0
206,59,0.41,397,1260,43,6.3,31,1.72,2.73,0
38,27,0.45,937,959,7,14.1,7,1.42,0.44,1
128,23,0.41,2461,765,49,9.7,17,0.11,3.1,0
49,59,0.45,2228,480,9,10.7,28,0.2,1.13,1
151,27,0.28,1671,603,41,14.3,38,0.58,2.32,1
90,34,0.41,1422,1935,42,10.3,22,0.55,1.76,0
152,56,0.2,754,1489,13,8.5,15,0.71,1.35,0
192,46,0.34,1839,849,15,13.0,37,0.83,2.29,0
207,38,0.49,1567,475,5,9.4,15,0.96,3.32,0
111,14,0.12,1970,1489,29,8.2,50,1.11,0.24,0
91,36,0.2,651,75,35,12.2,50,0.34,3.22,1
174,53,0.25,698,1444,27,13.0,25,0.2,2.17,0
245,8,0.08,1515,434,27,12.9,53,1.72,2.84,1
32,35,0.05,988,105,8,14.8,21,1.39,1.41,0
189,19,0.42,1580,1326,32,12.9,55,1.17,1.7,0
42,30,0.49,1598,683,20,12.7,38,1.62,3.05,1
149,14,0.21,997,155,10,13.6,2,2.09,1.51,0
154,59,0.05,763,1203,13,5.0,27,1.13,1.92,0
118,20,0.04,561,898,29,8.6,49,1.64,0.17,0
102,49,0.45,2629,719,35,12.4,32,2.39,0.64,0
97,25,0.24,827,425,8,11.0,21,2.12,2.28,1
171,40,0.17,308,792,29,6.8,4,1.12,2.54,0
130,24,0.24,2211,1016,31,8.0,44,1.65,2.08,0
127,14,0.17,522,357,41,8.4,19,0.52,0.59,0
40,26,0.25,2422,140,30,10.7,2,1.45,1.61,1
134,38,0.43,1246,1466,22,13.3,26,2.46,1.31,0
213,23,0.3,2708,1607,21,14.3,34,1.34,1.79,0
96,22,0.35,752,851,12,12.5,14,2.33,3.06,0
152,48,0.19,365,159,11,13.4,15,1.08,2.74,0
249,57,0.37,2146,1634,2,9.7,20,2.5,0.39,0
58,19,0.34,1714,1714,41,8.9,34,1.49,3.13,0
166,46,0.07,1990,634,2,8.9,36,0.2,1.7,0
224,51,0.29,2112,389,34,11.2,19,1.51,2.63,0
182,3,0.14,876,1638,3,6.2,9,0.76,0.58,0
105,42,0.4,1394,1028,16,10.8,7,0.18,2.38,1
199,19,0.22,2751,405,4,11.7,30,2.07,0.9,1
38,9,0.5,1215,1965,23,9.4,13,0.76,1.59,0
236,28,0.06,825,217,20,14.5,27,2.01,0.16,0
69,20,0.39,432,606,25,11.1,44,0.79,0.62,0
54,45,0.34,1231,1525,30,7.2,35,0.57,0.41,1
34,7,0.39,2734,954,18,9.8,13,2.44,0.92,0
168,14,0.16,2058,154,42,11.8,15,0.97,0.44,1
216,9,0.25,1302,199,11,8.2,46,1.54,2.45,0
245,59,0.4,1097,195,29,5.8,56,1.56,0.2,0
153,55,0.12,814,765,17,10.8,9,1.45,2.2,1
236,57,0.12,1867,923,26,14.5,45,2.3,0.58,1
67,19,0.28,1298,348,23,9.9,23,1.72,3.31,1
101,47,0.27,216,1240,48,14.1,54,1.07,3.27,0
162,52,0.15,2203,1786,20,13.4,36,2.17,0.87,0
205,14,0.16,786,695,45,6.5,53,0.53,2.19,0
119,56,0.15,463,772,2,12.1,40,1.41,0.2,0
175,38,0.39,714,1121,24,9.4,3,2.38,3.27,0
227,53,0.33,1751,687,31,7.5,34,1.6,1.88,0
66,36,0.42,975,288,27,11.9,19,2.06,0.25,0
89,40,0.49,2703,1080,2,12.4,28,1.67,1.26,0
205,17,0.24,1255,513,14,6.8,23,2.11,0.36,1
234,30,0.04,1175,502,4,14.1,40,2.37,1.44,1
57,9,0.03,2401,833,49,12.5,49,0.76,2.38,0
226,33,0.15,811,946,13,14.3,45,0.51,1.7,0
234,56,0.47,954,420,36,8.2,7,1.26,1.4,0
110,52,0.27,2601,1622,35,14.4,41,1.78,0.51,1
143,25,0.14,685,536,44,8.7,12,0.65,0.93,0
69,14,0.21,1541,1284,8,5.5,14,0.11,0.44,1
74,11,0.3,1385,214,2,12.6,46,0.92,2.85,1
253,53,0.33,2774,1198,6,12.0,15,2.43,0.56,0
91,35,0.09,2960,1410,31,11.0,3,1.77,2.12,0
122,41,0.49,2070,241,10,9.9,15,1.06,1.27,1
144,59,0.28,2314,779,44,5.3,51,0.56,0.87,0
215,14,0.08,777,263,21,11.2,24,0.95,2.27,0
96,30,0.45,898,623,42,9.2,52,0.51,1.65,1
85,41,0.05,254,1401,10,10.6,46,0.36,1.46,0
69,4,0.45,2692,1006,23,9.3,8,2.28,2.12,1
127,59,0.5,195,430,3,14.7,5,2.49,1.77,1
69,4,0.35,1504,722,32,11.0,51,0.49,1.13,1
120,28,0.39,1389,1651,20,12.5,4,0.23,2.0,0
234,8,0.18,1131,847,10,14.4,14,0.89,2.38,0
62,2,0.47,1109,288,29,10.9,16,1.21,0.19,0
35,41,0.27,1665,1605,41,5.1,20,0.59,1.68,1
245,46,0.37,1986,749,46,5.3,24,0.82,0.3,1
